,name,Total,Family households,Family households:2-person household,Family households:3-person household,Family households:4-person household,Family households:5-person household,Family households:6-person household,Family households:7-or-more person household,Nonfamily households,Nonfamily households:1-person household,Nonfamily households:2-person household,Nonfamily households:3-person household,Nonfamily households:4-person household,Nonfamily households:5-person household,Nonfamily households:6-person household,Nonfamily households:7-or-more person household,Family households:1-person household,Totalsize_1,Totalsize_2,Totalsize_3,Totalsize_4,Totalsize_5,Totalsize_6,Totalsize_7up
14000US41005020100,"Census Tract 201, Clackamas, OR",1700.0,1265.0,676.0,261.0,220.0,81.0,27.0,0.0,435.0,375.0,56.0,0.0,4.0,0.0,0.0,0.0,0,375.0,732.0,261.0,224.0,81.0,27.0,0.0
14000US41005020200,"Census Tract 202, Clackamas, OR",2846.0,1824.0,1014.0,458.0,244.0,108.0,0.0,0.0,1022.0,846.0,151.0,25.0,0.0,0.0,0.0,0.0,0,846.0,1165.0,483.0,244.0,108.0,0.0,0.0
14000US41005020302,"Census Tract 203.02, Clackamas, OR",1774.0,1127.0,567.0,238.0,224.0,50.0,44.0,4.0,647.0,506.0,131.0,0.0,10.0,0.0,0.0,0.0,0,506.0,698.0,238.0,234.0,50.0,44.0,4.0
14000US41005020303,"Census Tract 203.03, Clackamas, OR",2706.0,1410.0,696.0,380.0,314.0,0.0,0.0,20.0,1296.0,972.0,309.0,15.0,0.0,0.0,0.0,0.0,0,972.0,1005.0,395.0,314.0,0.0,0.0,20.0
14000US41005020304,"Census Tract 203.04, Clackamas, OR",2226.0,1651.0,755.0,442.0,340.0,94.0,20.0,0.0,575.0,499.0,76.0,0.0,0.0,0.0,0.0,0.0,0,499.0,831.0,442.0,340.0,94.0,20.0,0.0
14000US41005020401,"Census Tract 204.01, Clackamas, OR",2258.0,1665.0,723.0,362.0,355.0,221.0,4.0,0.0,593.0,557.0,36.0,0.0,0.0,0.0,0.0,0.0,0,557.0,759.0,362.0,355.0,221.0,4.0,0.0
14000US41005020403,"Census Tract 204.03, Clackamas, OR",1319.0,1100.0,496.0,214.0,236.0,154.0,0.0,0.0,219.0,197.0,15.0,7.0,0.0,0.0,0.0,0.0,0,197.0,511.0,221.0,236.0,154.0,0.0,0.0
14000US41005020404,"Census Tract 204.04, Clackamas, OR",1456.0,1245.0,626.0,271.0,294.0,54.0,0.0,0.0,211.0,202.0,9.0,0.0,0.0,0.0,0.0,0.0,0,202.0,635.0,271.0,294.0,54.0,0.0,0.0
14000US41005020501,"Census Tract 205.01, Clackamas, OR",2735.0,1990.0,831.0,402.0,387.0,271.0,83.0,16.0,745.0,702.0,43.0,0.0,0.0,0.0,0.0,0.0,0,702.0,874.0,402.0,387.0,271.0,83.0,16.0
14000US41005020503,"Census Tract 205.03, Clackamas, OR",977.0,666.0,319.0,103.0,181.0,36.0,21.0,6.0,311.0,254.0,47.0,10.0,0.0,0.0,0.0,0.0,0,254.0,366.0,113.0,181.0,36.0,21.0,6.0
14000US41005020504,"Census Tract 205.04, Clackamas, OR",2560.0,1975.0,971.0,396.0,468.0,130.0,0.0,10.0,585.0,477.0,92.0,16.0,0.0,0.0,0.0,0.0,0,477.0,1063.0,412.0,468.0,130.0,0.0,10.0
14000US41005020505,"Census Tract 205.05, Clackamas, OR",1173.0,709.0,394.0,154.0,130.0,20.0,11.0,0.0,464.0,436.0,28.0,0.0,0.0,0.0,0.0,0.0,0,436.0,422.0,154.0,130.0,20.0,11.0,0.0
14000US41005020600,"Census Tract 206, Clackamas, OR",3109.0,2337.0,1030.0,429.0,496.0,215.0,59.0,108.0,772.0,653.0,119.0,0.0,0.0,0.0,0.0,0.0,0,653.0,1149.0,429.0,496.0,215.0,59.0,108.0
14000US41005020700,"Census Tract 207, Clackamas, OR",1467.0,1162.0,489.0,239.0,327.0,86.0,15.0,6.0,305.0,243.0,62.0,0.0,0.0,0.0,0.0,0.0,0,243.0,551.0,239.0,327.0,86.0,15.0,6.0
14000US41005020800,"Census Tract 208, Clackamas, OR",1987.0,884.0,386.0,291.0,133.0,56.0,18.0,0.0,1103.0,832.0,187.0,84.0,0.0,0.0,0.0,0.0,0,832.0,573.0,375.0,133.0,56.0,18.0,0.0
14000US41005020900,"Census Tract 209, Clackamas, OR",1714.0,962.0,576.0,81.0,132.0,61.0,89.0,23.0,752.0,550.0,142.0,50.0,10.0,0.0,0.0,0.0,0,550.0,718.0,131.0,142.0,61.0,89.0,23.0
14000US41005021000,"Census Tract 210, Clackamas, OR",2013.0,1161.0,565.0,252.0,198.0,110.0,36.0,0.0,852.0,583.0,223.0,22.0,24.0,0.0,0.0,0.0,0,583.0,788.0,274.0,222.0,110.0,36.0,0.0
14000US41005021100,"Census Tract 211, Clackamas, OR",2233.0,1474.0,885.0,188.0,259.0,110.0,0.0,32.0,759.0,563.0,151.0,29.0,16.0,0.0,0.0,0.0,0,563.0,1036.0,217.0,275.0,110.0,0.0,32.0
14000US41005021200,"Census Tract 212, Clackamas, OR",1931.0,911.0,480.0,242.0,124.0,49.0,16.0,0.0,1020.0,803.0,167.0,50.0,0.0,0.0,0.0,0.0,0,803.0,647.0,292.0,124.0,49.0,16.0,0.0
14000US41005021300,"Census Tract 213, Clackamas, OR",2374.0,1302.0,595.0,324.0,222.0,118.0,13.0,30.0,1072.0,812.0,209.0,51.0,0.0,0.0,0.0,0.0,0,812.0,804.0,375.0,222.0,118.0,13.0,30.0
14000US41005021400,"Census Tract 214, Clackamas, OR",1968.0,1183.0,446.0,306.0,276.0,155.0,0.0,0.0,785.0,574.0,198.0,0.0,13.0,0.0,0.0,0.0,0,574.0,644.0,306.0,289.0,155.0,0.0,0.0
14000US41005021500,"Census Tract 215, Clackamas, OR",2056.0,1359.0,699.0,305.0,217.0,96.0,29.0,13.0,697.0,615.0,64.0,18.0,0.0,0.0,0.0,0.0,0,615.0,763.0,323.0,217.0,96.0,29.0,13.0
14000US41005021601,"Census Tract 216.01, Clackamas, OR",2460.0,1385.0,537.0,241.0,277.0,113.0,217.0,0.0,1075.0,834.0,218.0,15.0,0.0,0.0,0.0,8.0,0,834.0,755.0,256.0,277.0,113.0,217.0,8.0
14000US41005021602,"Census Tract 216.02, Clackamas, OR",1988.0,1341.0,563.0,386.0,198.0,124.0,43.0,27.0,647.0,409.0,153.0,73.0,12.0,0.0,0.0,0.0,0,409.0,716.0,459.0,210.0,124.0,43.0,27.0
14000US41005021700,"Census Tract 217, Clackamas, OR",2922.0,1754.0,856.0,478.0,255.0,33.0,25.0,107.0,1168.0,1061.0,55.0,52.0,0.0,0.0,0.0,0.0,0,1061.0,911.0,530.0,255.0,33.0,25.0,107.0
14000US41005021801,"Census Tract 218.01, Clackamas, OR",2248.0,1869.0,1001.0,311.0,376.0,109.0,54.0,18.0,379.0,344.0,20.0,15.0,0.0,0.0,0.0,0.0,0,344.0,1021.0,326.0,376.0,109.0,54.0,18.0
14000US41005021802,"Census Tract 218.02, Clackamas, OR",1957.0,952.0,449.0,193.0,186.0,52.0,72.0,0.0,1005.0,722.0,194.0,30.0,59.0,0.0,0.0,0.0,0,722.0,643.0,223.0,245.0,52.0,72.0,0.0
14000US41005021900,"Census Tract 219, Clackamas, OR",1418.0,983.0,393.0,220.0,262.0,76.0,13.0,19.0,435.0,362.0,45.0,28.0,0.0,0.0,0.0,0.0,0,362.0,438.0,248.0,262.0,76.0,13.0,19.0
14000US41005022000,"Census Tract 220, Clackamas, OR",2452.0,1550.0,560.0,397.0,365.0,146.0,49.0,33.0,902.0,710.0,182.0,0.0,0.0,10.0,0.0,0.0,0,710.0,742.0,397.0,365.0,156.0,49.0,33.0
14000US41005022101,"Census Tract 221.01, Clackamas, OR",2558.0,1848.0,869.0,347.0,360.0,79.0,159.0,34.0,710.0,556.0,121.0,0.0,33.0,0.0,0.0,0.0,0,556.0,990.0,347.0,393.0,79.0,159.0,34.0
14000US41005022103,"Census Tract 221.03, Clackamas, OR",2738.0,2147.0,829.0,630.0,351.0,145.0,150.0,42.0,591.0,537.0,25.0,29.0,0.0,0.0,0.0,0.0,0,537.0,854.0,659.0,351.0,145.0,150.0,42.0
14000US41005022105,"Census Tract 221.05, Clackamas, OR",2251.0,1604.0,660.0,387.0,315.0,88.0,75.0,79.0,647.0,440.0,131.0,76.0,0.0,0.0,0.0,0.0,0,440.0,791.0,463.0,315.0,88.0,75.0,79.0
14000US41005022107,"Census Tract 221.07, Clackamas, OR",1822.0,852.0,255.0,217.0,260.0,80.0,40.0,0.0,970.0,658.0,153.0,141.0,18.0,0.0,0.0,0.0,0,658.0,408.0,358.0,278.0,80.0,40.0,0.0
14000US41005022108,"Census Tract 221.08, Clackamas, OR",1381.0,731.0,284.0,132.0,193.0,92.0,30.0,0.0,650.0,475.0,155.0,20.0,0.0,0.0,0.0,0.0,0,475.0,439.0,152.0,193.0,92.0,30.0,0.0
14000US41005022201,"Census Tract 222.01, Clackamas, OR",2726.0,938.0,361.0,276.0,82.0,140.0,46.0,33.0,1788.0,1382.0,332.0,74.0,0.0,0.0,0.0,0.0,0,1382.0,693.0,350.0,82.0,140.0,46.0,33.0
14000US41005022205,"Census Tract 222.05, Clackamas, OR",1424.0,954.0,444.0,157.0,228.0,100.0,17.0,8.0,470.0,318.0,107.0,15.0,20.0,0.0,10.0,0.0,0,318.0,551.0,172.0,248.0,100.0,27.0,8.0
14000US41005022206,"Census Tract 222.06, Clackamas, OR",2491.0,1846.0,800.0,356.0,431.0,250.0,9.0,0.0,645.0,447.0,165.0,33.0,0.0,0.0,0.0,0.0,0,447.0,965.0,389.0,431.0,250.0,9.0,0.0
14000US41005022207,"Census Tract 222.07, Clackamas, OR",1971.0,1735.0,576.0,426.0,386.0,234.0,29.0,84.0,236.0,170.0,50.0,8.0,8.0,0.0,0.0,0.0,0,170.0,626.0,434.0,394.0,234.0,29.0,84.0
14000US41005022208,"Census Tract 222.08, Clackamas, OR",2391.0,1966.0,650.0,430.0,622.0,178.0,68.0,18.0,425.0,268.0,157.0,0.0,0.0,0.0,0.0,0.0,0,268.0,807.0,430.0,622.0,178.0,68.0,18.0
14000US41005022301,"Census Tract 223.01, Clackamas, OR",1536.0,1238.0,576.0,266.0,244.0,123.0,11.0,18.0,298.0,229.0,44.0,13.0,0.0,6.0,6.0,0.0,0,229.0,620.0,279.0,244.0,129.0,17.0,18.0
14000US41005022302,"Census Tract 223.02, Clackamas, OR",2071.0,1457.0,598.0,225.0,430.0,123.0,53.0,28.0,614.0,345.0,223.0,36.0,0.0,10.0,0.0,0.0,0,345.0,821.0,261.0,430.0,133.0,53.0,28.0
14000US41005022400,"Census Tract 224, Clackamas, OR",1706.0,949.0,322.0,341.0,225.0,44.0,17.0,0.0,757.0,609.0,148.0,0.0,0.0,0.0,0.0,0.0,0,609.0,470.0,341.0,225.0,44.0,17.0,0.0
14000US41005022500,"Census Tract 225, Clackamas, OR",2983.0,2017.0,953.0,445.0,268.0,252.0,64.0,35.0,966.0,698.0,226.0,27.0,15.0,0.0,0.0,0.0,0,698.0,1179.0,472.0,283.0,252.0,64.0,35.0
14000US41005022602,"Census Tract 226.02, Clackamas, OR",1661.0,1364.0,653.0,274.0,327.0,72.0,26.0,12.0,297.0,219.0,57.0,9.0,12.0,0.0,0.0,0.0,0,219.0,710.0,283.0,339.0,72.0,26.0,12.0
14000US41005022603,"Census Tract 226.03, Clackamas, OR",1438.0,1016.0,425.0,194.0,242.0,64.0,52.0,39.0,422.0,244.0,149.0,16.0,13.0,0.0,0.0,0.0,0,244.0,574.0,210.0,255.0,64.0,52.0,39.0
14000US41005022605,"Census Tract 226.05, Clackamas, OR",2649.0,1894.0,704.0,397.0,506.0,189.0,8.0,90.0,755.0,575.0,121.0,59.0,0.0,0.0,0.0,0.0,0,575.0,825.0,456.0,506.0,189.0,8.0,90.0
14000US41005022606,"Census Tract 226.06, Clackamas, OR",1818.0,1425.0,650.0,307.0,261.0,169.0,7.0,31.0,393.0,307.0,38.0,9.0,39.0,0.0,0.0,0.0,0,307.0,688.0,316.0,300.0,169.0,7.0,31.0
14000US41005022702,"Census Tract 227.02, Clackamas, OR",2674.0,2130.0,1198.0,367.0,402.0,143.0,20.0,0.0,544.0,477.0,67.0,0.0,0.0,0.0,0.0,0.0,0,477.0,1265.0,367.0,402.0,143.0,20.0,0.0
14000US41005022707,"Census Tract 227.07, Clackamas, OR",2413.0,1755.0,783.0,409.0,399.0,138.0,26.0,0.0,658.0,579.0,79.0,0.0,0.0,0.0,0.0,0.0,0,579.0,862.0,409.0,399.0,138.0,26.0,0.0
14000US41005022708,"Census Tract 227.08, Clackamas, OR",1518.0,1085.0,364.0,245.0,213.0,199.0,36.0,28.0,433.0,279.0,154.0,0.0,0.0,0.0,0.0,0.0,0,279.0,518.0,245.0,213.0,199.0,36.0,28.0
14000US41005022710,"Census Tract 227.10, Clackamas, OR",1131.0,658.0,265.0,141.0,169.0,49.0,18.0,16.0,473.0,401.0,72.0,0.0,0.0,0.0,0.0,0.0,0,401.0,337.0,141.0,169.0,49.0,18.0,16.0
14000US41005022800,"Census Tract 228, Clackamas, OR",1995.0,1081.0,834.0,90.0,99.0,56.0,2.0,0.0,914.0,750.0,148.0,0.0,16.0,0.0,0.0,0.0,0,750.0,982.0,90.0,115.0,56.0,2.0,0.0
14000US41005022901,"Census Tract 229.01, Clackamas, OR",1350.0,1130.0,510.0,222.0,276.0,77.0,27.0,18.0,220.0,209.0,0.0,0.0,11.0,0.0,0.0,0.0,0,209.0,510.0,222.0,287.0,77.0,27.0,18.0
14000US41005022904,"Census Tract 229.04, Clackamas, OR",1376.0,860.0,223.0,272.0,176.0,82.0,97.0,10.0,516.0,425.0,65.0,19.0,7.0,0.0,0.0,0.0,0,425.0,288.0,291.0,183.0,82.0,97.0,10.0
14000US41005022905,"Census Tract 229.05, Clackamas, OR",1625.0,1169.0,535.0,236.0,188.0,134.0,20.0,56.0,456.0,389.0,28.0,25.0,14.0,0.0,0.0,0.0,0,389.0,563.0,261.0,202.0,134.0,20.0,56.0
14000US41005022906,"Census Tract 229.06, Clackamas, OR",1226.0,782.0,341.0,193.0,144.0,86.0,18.0,0.0,444.0,397.0,31.0,0.0,0.0,0.0,16.0,0.0,0,397.0,372.0,193.0,144.0,86.0,34.0,0.0
14000US41005022907,"Census Tract 229.07, Clackamas, OR",1492.0,1124.0,409.0,269.0,261.0,111.0,10.0,64.0,368.0,298.0,70.0,0.0,0.0,0.0,0.0,0.0,0,298.0,479.0,269.0,261.0,111.0,10.0,64.0
14000US41005023001,"Census Tract 230.01, Clackamas, OR",1251.0,991.0,533.0,128.0,230.0,34.0,10.0,56.0,260.0,219.0,26.0,9.0,6.0,0.0,0.0,0.0,0,219.0,559.0,137.0,236.0,34.0,10.0,56.0
14000US41005023002,"Census Tract 230.02, Clackamas, OR",1440.0,1110.0,524.0,161.0,273.0,93.0,25.0,34.0,330.0,278.0,52.0,0.0,0.0,0.0,0.0,0.0,0,278.0,576.0,161.0,273.0,93.0,25.0,34.0
14000US41005023100,"Census Tract 231, Clackamas, OR",2356.0,1746.0,855.0,450.0,324.0,117.0,0.0,0.0,610.0,336.0,274.0,0.0,0.0,0.0,0.0,0.0,0,336.0,1129.0,450.0,324.0,117.0,0.0,0.0
14000US41005023201,"Census Tract 232.01, Clackamas, OR",1542.0,1213.0,613.0,216.0,246.0,53.0,27.0,58.0,329.0,268.0,61.0,0.0,0.0,0.0,0.0,0.0,0,268.0,674.0,216.0,246.0,53.0,27.0,58.0
14000US41005023202,"Census Tract 232.02, Clackamas, OR",2618.0,2211.0,828.0,413.0,636.0,224.0,34.0,76.0,407.0,299.0,108.0,0.0,0.0,0.0,0.0,0.0,0,299.0,936.0,413.0,636.0,224.0,34.0,76.0
14000US41005023300,"Census Tract 233, Clackamas, OR",1850.0,1459.0,686.0,312.0,223.0,155.0,55.0,28.0,391.0,287.0,66.0,12.0,9.0,17.0,0.0,0.0,0,287.0,752.0,324.0,232.0,172.0,55.0,28.0
14000US41005023401,"Census Tract 234.01, Clackamas, OR",1804.0,1446.0,725.0,269.0,245.0,110.0,61.0,36.0,358.0,261.0,97.0,0.0,0.0,0.0,0.0,0.0,0,261.0,822.0,269.0,245.0,110.0,61.0,36.0
14000US41005023403,"Census Tract 234.03, Clackamas, OR",1973.0,1426.0,497.0,340.0,375.0,142.0,38.0,34.0,547.0,420.0,115.0,0.0,12.0,0.0,0.0,0.0,0,420.0,612.0,340.0,387.0,142.0,38.0,34.0
14000US41005023404,"Census Tract 234.04, Clackamas, OR",2332.0,1547.0,712.0,269.0,275.0,198.0,37.0,56.0,785.0,658.0,116.0,11.0,0.0,0.0,0.0,0.0,0,658.0,828.0,280.0,275.0,198.0,37.0,56.0
14000US41005023500,"Census Tract 235, Clackamas, OR",2052.0,1675.0,940.0,225.0,154.0,301.0,44.0,11.0,377.0,208.0,169.0,0.0,0.0,0.0,0.0,0.0,0,208.0,1109.0,225.0,154.0,301.0,44.0,11.0
14000US41005023600,"Census Tract 236, Clackamas, OR",1414.0,1057.0,571.0,200.0,141.0,88.0,33.0,24.0,357.0,275.0,82.0,0.0,0.0,0.0,0.0,0.0,0,275.0,653.0,200.0,141.0,88.0,33.0,24.0
14000US41005023700,"Census Tract 237, Clackamas, OR",1773.0,1484.0,684.0,257.0,265.0,142.0,105.0,31.0,289.0,243.0,38.0,8.0,0.0,0.0,0.0,0.0,0,243.0,722.0,265.0,265.0,142.0,105.0,31.0
14000US41005023800,"Census Tract 238, Clackamas, OR",2296.0,1781.0,876.0,301.0,330.0,201.0,32.0,41.0,515.0,361.0,138.0,16.0,0.0,0.0,0.0,0.0,0,361.0,1014.0,317.0,330.0,201.0,32.0,41.0
14000US41005023901,"Census Tract 239.01, Clackamas, OR",1855.0,1392.0,508.0,244.0,380.0,174.0,73.0,13.0,463.0,361.0,102.0,0.0,0.0,0.0,0.0,0.0,0,361.0,610.0,244.0,380.0,174.0,73.0,13.0
14000US41005023902,"Census Tract 239.02, Clackamas, OR",1892.0,1235.0,417.0,239.0,265.0,159.0,58.0,97.0,657.0,505.0,130.0,5.0,17.0,0.0,0.0,0.0,0,505.0,547.0,244.0,282.0,159.0,58.0,97.0
14000US41005024000,"Census Tract 240, Clackamas, OR",966.0,752.0,345.0,157.0,178.0,49.0,23.0,0.0,214.0,150.0,64.0,0.0,0.0,0.0,0.0,0.0,0,150.0,409.0,157.0,178.0,49.0,23.0,0.0
14000US41005024100,"Census Tract 241, Clackamas, OR",1787.0,1316.0,590.0,242.0,201.0,143.0,85.0,55.0,471.0,373.0,76.0,0.0,13.0,9.0,0.0,0.0,0,373.0,666.0,242.0,214.0,152.0,85.0,55.0
14000US41005024200,"Census Tract 242, Clackamas, OR",2409.0,1849.0,869.0,366.0,440.0,75.0,45.0,54.0,560.0,472.0,73.0,0.0,15.0,0.0,0.0,0.0,0,472.0,942.0,366.0,455.0,75.0,45.0,54.0
14000US41005024302,"Census Tract 243.02, Clackamas, OR",1959.0,1486.0,863.0,265.0,160.0,110.0,57.0,31.0,473.0,342.0,120.0,0.0,0.0,11.0,0.0,0.0,0,342.0,983.0,265.0,160.0,121.0,57.0,31.0
14000US41005024303,"Census Tract 243.03, Clackamas, OR",1164.0,857.0,527.0,74.0,161.0,56.0,39.0,0.0,307.0,238.0,69.0,0.0,0.0,0.0,0.0,0.0,0,238.0,596.0,74.0,161.0,56.0,39.0,0.0
14000US41005024304,"Census Tract 243.04, Clackamas, OR",984.0,565.0,273.0,132.0,86.0,41.0,27.0,6.0,419.0,361.0,48.0,10.0,0.0,0.0,0.0,0.0,0,361.0,321.0,142.0,86.0,41.0,27.0,6.0
14000US41005024400,"Census Tract 244, Clackamas, OR",3275.0,1911.0,902.0,392.0,374.0,195.0,7.0,41.0,1364.0,860.0,432.0,37.0,20.0,15.0,0.0,0.0,0,860.0,1334.0,429.0,394.0,210.0,7.0,41.0
14000US41005980000,"Census Tract 9800, Clackamas, OR",22.0,0.0,0.0,0.0,0.0,0.0,0.0,0.0,22.0,22.0,0.0,0.0,0.0,0.0,0.0,0.0,0,22.0,0.0,0.0,0.0,0.0,0.0,0.0
14000US41009970200,"Census Tract 9702, Columbia, OR",2503.0,1544.0,755.0,232.0,310.0,117.0,75.0,55.0,959.0,845.0,92.0,0.0,0.0,22.0,0.0,0.0,0,845.0,847.0,232.0,310.0,139.0,75.0,55.0
14000US41009970300,"Census Tract 9703, Columbia, OR",1733.0,1139.0,553.0,203.0,167.0,106.0,39.0,71.0,594.0,472.0,84.0,7.0,31.0,0.0,0.0,0.0,0,472.0,637.0,210.0,198.0,106.0,39.0,71.0
14000US41009970400,"Census Tract 9704, Columbia, OR",968.0,776.0,471.0,97.0,119.0,26.0,52.0,11.0,192.0,135.0,57.0,0.0,0.0,0.0,0.0,0.0,0,135.0,528.0,97.0,119.0,26.0,52.0,11.0
14000US41009970500,"Census Tract 9705, Columbia, OR",2522.0,1762.0,932.0,404.0,280.0,50.0,10.0,86.0,760.0,477.0,224.0,45.0,14.0,0.0,0.0,0.0,0,477.0,1156.0,449.0,294.0,50.0,10.0,86.0
14000US41009970600,"Census Tract 9706, Columbia, OR",2036.0,1494.0,703.0,262.0,292.0,140.0,97.0,0.0,542.0,449.0,56.0,0.0,37.0,0.0,0.0,0.0,0,449.0,759.0,262.0,329.0,140.0,97.0,0.0
14000US41009970700,"Census Tract 9707, Columbia, OR",1597.0,912.0,341.0,267.0,199.0,61.0,39.0,5.0,685.0,451.0,203.0,15.0,16.0,0.0,0.0,0.0,0,451.0,544.0,282.0,215.0,61.0,39.0,5.0
14000US41009970800,"Census Tract 9708, Columbia, OR",2782.0,1746.0,655.0,433.0,411.0,208.0,39.0,0.0,1036.0,868.0,156.0,0.0,12.0,0.0,0.0,0.0,0,868.0,811.0,433.0,423.0,208.0,39.0,0.0
14000US41009970900,"Census Tract 9709, Columbia, OR",2039.0,1275.0,607.0,296.0,281.0,63.0,18.0,10.0,764.0,683.0,72.0,9.0,0.0,0.0,0.0,0.0,0,683.0,679.0,305.0,281.0,63.0,18.0,10.0
14000US41009971000,"Census Tract 9710, Columbia, OR",1821.0,1311.0,549.0,356.0,272.0,92.0,42.0,0.0,510.0,409.0,93.0,8.0,0.0,0.0,0.0,0.0,0,409.0,642.0,364.0,272.0,92.0,42.0,0.0
14000US41009971100,"Census Tract 9711, Columbia, OR",1295.0,904.0,457.0,212.0,97.0,87.0,27.0,24.0,391.0,341.0,32.0,18.0,0.0,0.0,0.0,0.0,0,341.0,489.0,230.0,97.0,87.0,27.0,24.0
14000US41051000100,"Census Tract 1, Multnomah, OR",2866.0,1650.0,761.0,422.0,435.0,32.0,0.0,0.0,1216.0,843.0,373.0,0.0,0.0,0.0,0.0,0.0,0,843.0,1134.0,422.0,435.0,32.0,0.0,0.0
14000US41051000200,"Census Tract 2, Multnomah, OR",3101.0,1267.0,484.0,441.0,251.0,60.0,31.0,0.0,1834.0,1455.0,337.0,18.0,24.0,0.0,0.0,0.0,0,1455.0,821.0,459.0,275.0,60.0,31.0,0.0
14000US41051000301,"Census Tract 3.01, Multnomah, OR",2132.0,831.0,420.0,123.0,225.0,38.0,14.0,11.0,1301.0,903.0,314.0,44.0,16.0,17.0,0.0,7.0,0,903.0,734.0,167.0,241.0,55.0,14.0,18.0
14000US41051000302,"Census Tract 3.02, Multnomah, OR",2666.0,2090.0,966.0,424.0,525.0,140.0,14.0,21.0,576.0,461.0,76.0,0.0,39.0,0.0,0.0,0.0,0,461.0,1042.0,424.0,564.0,140.0,14.0,21.0
14000US41051000401,"Census Tract 4.01, Multnomah, OR",1496.0,977.0,434.0,299.0,176.0,55.0,0.0,13.0,519.0,250.0,233.0,20.0,0.0,16.0,0.0,0.0,0,250.0,667.0,319.0,176.0,71.0,0.0,13.0
14000US41051000402,"Census Tract 4.02, Multnomah, OR",1425.0,782.0,327.0,184.0,222.0,38.0,0.0,11.0,643.0,418.0,146.0,58.0,21.0,0.0,0.0,0.0,0,418.0,473.0,242.0,243.0,38.0,0.0,11.0
14000US41051000501,"Census Tract 5.01, Multnomah, OR",1711.0,1039.0,444.0,296.0,177.0,104.0,18.0,0.0,672.0,486.0,132.0,32.0,7.0,15.0,0.0,0.0,0,486.0,576.0,328.0,184.0,119.0,18.0,0.0
14000US41051000502,"Census Tract 5.02, Multnomah, OR",1958.0,1159.0,416.0,385.0,197.0,62.0,71.0,28.0,799.0,511.0,218.0,48.0,14.0,8.0,0.0,0.0,0,511.0,634.0,433.0,211.0,70.0,71.0,28.0
14000US41051000601,"Census Tract 6.01, Multnomah, OR",1952.0,1225.0,377.0,312.0,320.0,127.0,62.0,27.0,727.0,497.0,186.0,37.0,7.0,0.0,0.0,0.0,0,497.0,563.0,349.0,327.0,127.0,62.0,27.0
14000US41051000602,"Census Tract 6.02, Multnomah, OR",2073.0,1372.0,413.0,331.0,248.0,258.0,42.0,80.0,701.0,504.0,124.0,31.0,13.0,17.0,0.0,12.0,0,504.0,537.0,362.0,261.0,275.0,42.0,92.0
14000US41051000701,"Census Tract 7.01, Multnomah, OR",2003.0,1093.0,463.0,328.0,178.0,124.0,0.0,0.0,910.0,686.0,157.0,44.0,12.0,0.0,11.0,0.0,0,686.0,620.0,372.0,190.0,124.0,11.0,0.0
14000US41051000702,"Census Tract 7.02, Multnomah, OR",2009.0,1042.0,398.0,262.0,221.0,81.0,63.0,17.0,967.0,660.0,190.0,70.0,27.0,20.0,0.0,0.0,0,660.0,588.0,332.0,248.0,101.0,63.0,17.0
14000US41051000801,"Census Tract 8.01, Multnomah, OR",2102.0,1084.0,564.0,236.0,192.0,84.0,8.0,0.0,1018.0,593.0,344.0,31.0,20.0,30.0,0.0,0.0,0,593.0,908.0,267.0,212.0,114.0,8.0,0.0
14000US41051000802,"Census Tract 8.02, Multnomah, OR",2140.0,979.0,463.0,278.0,151.0,41.0,46.0,0.0,1161.0,606.0,453.0,54.0,19.0,29.0,0.0,0.0,0,606.0,916.0,332.0,170.0,70.0,46.0,0.0
14000US41051000901,"Census Tract 9.01, Multnomah, OR",2042.0,978.0,472.0,223.0,218.0,61.0,4.0,0.0,1064.0,648.0,259.0,128.0,19.0,10.0,0.0,0.0,0,648.0,731.0,351.0,237.0,71.0,4.0,0.0
14000US41051000902,"Census Tract 9.02, Multnomah, OR",2108.0,991.0,458.0,340.0,150.0,11.0,0.0,32.0,1117.0,570.0,462.0,64.0,21.0,0.0,0.0,0.0,0,570.0,920.0,404.0,171.0,11.0,0.0,32.0
14000US41051001000,"Census Tract 10, Multnomah, OR",2560.0,1150.0,404.0,352.0,245.0,149.0,0.0,0.0,1410.0,799.0,464.0,118.0,29.0,0.0,0.0,0.0,0,799.0,868.0,470.0,274.0,149.0,0.0,0.0
14000US41051001101,"Census Tract 11.01, Multnomah, OR",1539.0,178.0,115.0,57.0,6.0,0.0,0.0,0.0,1361.0,1044.0,254.0,49.0,0.0,14.0,0.0,0.0,0,1044.0,369.0,106.0,6.0,14.0,0.0,0.0
14000US41051001102,"Census Tract 11.02, Multnomah, OR",705.0,291.0,140.0,65.0,63.0,23.0,0.0,0.0,414.0,254.0,120.0,4.0,15.0,17.0,4.0,0.0,0,254.0,260.0,69.0,78.0,40.0,4.0,0.0
14000US41051001201,"Census Tract 12.01, Multnomah, OR",2703.0,773.0,502.0,234.0,0.0,37.0,0.0,0.0,1930.0,1128.0,601.0,135.0,66.0,0.0,0.0,0.0,0,1128.0,1103.0,369.0,66.0,37.0,0.0,0.0
14000US41051001202,"Census Tract 12.02, Multnomah, OR",1552.0,812.0,465.0,124.0,185.0,17.0,21.0,0.0,740.0,412.0,274.0,16.0,38.0,0.0,0.0,0.0,0,412.0,739.0,140.0,223.0,17.0,21.0,0.0
14000US41051001301,"Census Tract 13.01, Multnomah, OR",1906.0,746.0,374.0,218.0,154.0,0.0,0.0,0.0,1160.0,685.0,334.0,80.0,61.0,0.0,0.0,0.0,0,685.0,708.0,298.0,215.0,0.0,0.0,0.0
14000US41051001302,"Census Tract 13.02, Multnomah, OR",1401.0,761.0,285.0,242.0,195.0,39.0,0.0,0.0,640.0,419.0,137.0,36.0,48.0,0.0,0.0,0.0,0,419.0,422.0,278.0,243.0,39.0,0.0,0.0
14000US41051001400,"Census Tract 14, Multnomah, OR",2480.0,1265.0,635.0,324.0,291.0,15.0,0.0,0.0,1215.0,679.0,378.0,55.0,78.0,14.0,11.0,0.0,0,679.0,1013.0,379.0,369.0,29.0,11.0,0.0
14000US41051001500,"Census Tract 15, Multnomah, OR",1372.0,910.0,378.0,302.0,157.0,59.0,14.0,0.0,462.0,248.0,153.0,38.0,23.0,0.0,0.0,0.0,0,248.0,531.0,340.0,180.0,59.0,14.0,0.0
14000US41051001601,"Census Tract 16.01, Multnomah, OR",2503.0,1338.0,773.0,249.0,235.0,53.0,14.0,14.0,1165.0,837.0,178.0,66.0,72.0,0.0,12.0,0.0,0,837.0,951.0,315.0,307.0,53.0,26.0,14.0
14000US41051001602,"Census Tract 16.02, Multnomah, OR",1779.0,1018.0,393.0,343.0,174.0,48.0,60.0,0.0,761.0,468.0,226.0,34.0,33.0,0.0,0.0,0.0,0,468.0,619.0,377.0,207.0,48.0,60.0,0.0
14000US41051001701,"Census Tract 17.01, Multnomah, OR",2981.0,1602.0,792.0,279.0,308.0,52.0,171.0,0.0,1379.0,899.0,444.0,36.0,0.0,0.0,0.0,0.0,0,899.0,1236.0,315.0,308.0,52.0,171.0,0.0
14000US41051001702,"Census Tract 17.02, Multnomah, OR",1559.0,962.0,410.0,245.0,197.0,78.0,19.0,13.0,597.0,381.0,175.0,31.0,10.0,0.0,0.0,0.0,0,381.0,585.0,276.0,207.0,78.0,19.0,13.0
14000US41051001801,"Census Tract 18.01, Multnomah, OR",2142.0,894.0,388.0,363.0,82.0,41.0,20.0,0.0,1248.0,896.0,269.0,53.0,19.0,11.0,0.0,0.0,0,896.0,657.0,416.0,101.0,52.0,20.0,0.0
14000US41051001802,"Census Tract 18.02, Multnomah, OR",1664.0,790.0,404.0,194.0,105.0,78.0,0.0,9.0,874.0,616.0,181.0,20.0,22.0,30.0,0.0,5.0,0,616.0,585.0,214.0,127.0,108.0,0.0,14.0
14000US41051001900,"Census Tract 19, Multnomah, OR",1972.0,1320.0,453.0,344.0,428.0,86.0,9.0,0.0,652.0,478.0,140.0,34.0,0.0,0.0,0.0,0.0,0,478.0,593.0,378.0,428.0,86.0,9.0,0.0
14000US41051002000,"Census Tract 20, Multnomah, OR",3442.0,1053.0,656.0,259.0,108.0,30.0,0.0,0.0,2389.0,1577.0,771.0,19.0,0.0,22.0,0.0,0.0,0,1577.0,1427.0,278.0,108.0,52.0,0.0,0.0
14000US41051002100,"Census Tract 21, Multnomah, OR",1481.0,397.0,193.0,127.0,68.0,0.0,9.0,0.0,1084.0,823.0,211.0,43.0,0.0,7.0,0.0,0.0,0,823.0,404.0,170.0,68.0,7.0,9.0,0.0
14000US41051002203,"Census Tract 22.03, Multnomah, OR",1843.0,676.0,345.0,202.0,129.0,0.0,0.0,0.0,1167.0,818.0,227.0,56.0,25.0,41.0,0.0,0.0,0,818.0,572.0,258.0,154.0,41.0,0.0,0.0
14000US41051002303,"Census Tract 23.03, Multnomah, OR",1509.0,250.0,149.0,67.0,27.0,7.0,0.0,0.0,1259.0,953.0,233.0,59.0,4.0,10.0,0.0,0.0,0,953.0,382.0,126.0,31.0,17.0,0.0,0.0
14000US41051002401,"Census Tract 24.01, Multnomah, OR",1135.0,667.0,260.0,212.0,166.0,29.0,0.0,0.0,468.0,297.0,126.0,14.0,31.0,0.0,0.0,0.0,0,297.0,386.0,226.0,197.0,29.0,0.0,0.0
14000US41051002402,"Census Tract 24.02, Multnomah, OR",2002.0,529.0,366.0,103.0,60.0,0.0,0.0,0.0,1473.0,1144.0,261.0,56.0,12.0,0.0,0.0,0.0,0,1144.0,627.0,159.0,72.0,0.0,0.0,0.0
14000US41051002501,"Census Tract 25.01, Multnomah, OR",1722.0,1400.0,602.0,318.0,358.0,102.0,10.0,10.0,322.0,259.0,58.0,0.0,5.0,0.0,0.0,0.0,0,259.0,660.0,318.0,363.0,102.0,10.0,10.0
14000US41051002502,"Census Tract 25.02, Multnomah, OR",2108.0,880.0,495.0,161.0,210.0,14.0,0.0,0.0,1228.0,752.0,394.0,28.0,26.0,0.0,28.0,0.0,0,752.0,889.0,189.0,236.0,14.0,28.0,0.0
14000US41051002600,"Census Tract 26, Multnomah, OR",1076.0,848.0,411.0,131.0,245.0,42.0,19.0,0.0,228.0,174.0,29.0,3.0,22.0,0.0,0.0,0.0,0,174.0,440.0,134.0,267.0,42.0,19.0,0.0
14000US41051002701,"Census Tract 27.01, Multnomah, OR",1217.0,865.0,379.0,139.0,292.0,55.0,0.0,0.0,352.0,207.0,96.0,8.0,41.0,0.0,0.0,0.0,0,207.0,475.0,147.0,333.0,55.0,0.0,0.0
14000US41051002702,"Census Tract 27.02, Multnomah, OR",1694.0,601.0,296.0,118.0,118.0,42.0,0.0,27.0,1093.0,919.0,136.0,21.0,0.0,11.0,6.0,0.0,0,919.0,432.0,139.0,118.0,53.0,6.0,27.0
14000US41051002801,"Census Tract 28.01, Multnomah, OR",1209.0,769.0,335.0,168.0,230.0,24.0,0.0,12.0,440.0,309.0,126.0,5.0,0.0,0.0,0.0,0.0,0,309.0,461.0,173.0,230.0,24.0,0.0,12.0
14000US41051002802,"Census Tract 28.02, Multnomah, OR",1357.0,775.0,335.0,168.0,232.0,40.0,0.0,0.0,582.0,399.0,102.0,27.0,54.0,0.0,0.0,0.0,0,399.0,437.0,195.0,286.0,40.0,0.0,0.0
14000US41051002901,"Census Tract 29.01, Multnomah, OR",1956.0,1120.0,533.0,267.0,274.0,21.0,25.0,0.0,836.0,709.0,101.0,0.0,26.0,0.0,0.0,0.0,0,709.0,634.0,267.0,300.0,21.0,25.0,0.0
14000US41051002902,"Census Tract 29.02, Multnomah, OR",2475.0,1396.0,617.0,501.0,186.0,27.0,14.0,51.0,1079.0,732.0,347.0,0.0,0.0,0.0,0.0,0.0,0,732.0,964.0,501.0,186.0,27.0,14.0,51.0
14000US41051002903,"Census Tract 29.03, Multnomah, OR",2069.0,1132.0,527.0,231.0,120.0,174.0,41.0,39.0,937.0,603.0,254.0,12.0,14.0,54.0,0.0,0.0,0,603.0,781.0,243.0,134.0,228.0,41.0,39.0
14000US41051003000,"Census Tract 30, Multnomah, OR",1925.0,1286.0,541.0,328.0,347.0,56.0,14.0,0.0,639.0,404.0,209.0,18.0,8.0,0.0,0.0,0.0,0,404.0,750.0,346.0,355.0,56.0,14.0,0.0
14000US41051003100,"Census Tract 31, Multnomah, OR",1909.0,1108.0,402.0,315.0,278.0,91.0,22.0,0.0,801.0,461.0,194.0,93.0,53.0,0.0,0.0,0.0,0,461.0,596.0,408.0,331.0,91.0,22.0,0.0
14000US41051003200,"Census Tract 32, Multnomah, OR",1758.0,1010.0,432.0,314.0,227.0,37.0,0.0,0.0,748.0,439.0,210.0,25.0,44.0,0.0,30.0,0.0,0,439.0,642.0,339.0,271.0,37.0,30.0,0.0
14000US41051003301,"Census Tract 33.01, Multnomah, OR",1332.0,701.0,271.0,217.0,197.0,13.0,0.0,3.0,631.0,378.0,161.0,66.0,12.0,14.0,0.0,0.0,0,378.0,432.0,283.0,209.0,27.0,0.0,3.0
14000US41051003302,"Census Tract 33.02, Multnomah, OR",1339.0,580.0,220.0,144.0,105.0,111.0,0.0,0.0,759.0,407.0,259.0,51.0,24.0,12.0,6.0,0.0,0,407.0,479.0,195.0,129.0,123.0,6.0,0.0
14000US41051003401,"Census Tract 34.01, Multnomah, OR",1516.0,666.0,303.0,201.0,90.0,56.0,16.0,0.0,850.0,466.0,304.0,45.0,0.0,8.0,27.0,0.0,0,466.0,607.0,246.0,90.0,64.0,43.0,0.0
14000US41051003402,"Census Tract 34.02, Multnomah, OR",1765.0,648.0,296.0,238.0,68.0,37.0,6.0,3.0,1117.0,598.0,342.0,102.0,75.0,0.0,0.0,0.0,0,598.0,638.0,340.0,143.0,37.0,6.0,3.0
14000US41051003501,"Census Tract 35.01, Multnomah, OR",1552.0,751.0,396.0,170.0,120.0,31.0,16.0,18.0,801.0,509.0,244.0,41.0,0.0,7.0,0.0,0.0,0,509.0,640.0,211.0,120.0,38.0,16.0,18.0
14000US41051003502,"Census Tract 35.02, Multnomah, OR",1043.0,455.0,204.0,110.0,115.0,17.0,0.0,9.0,588.0,300.0,217.0,41.0,30.0,0.0,0.0,0.0,0,300.0,421.0,151.0,145.0,17.0,0.0,9.0
14000US41051003601,"Census Tract 36.01, Multnomah, OR",2004.0,1112.0,578.0,288.0,143.0,82.0,3.0,18.0,892.0,436.0,316.0,108.0,32.0,0.0,0.0,0.0,0,436.0,894.0,396.0,175.0,82.0,3.0,18.0
14000US41051003602,"Census Tract 36.02, Multnomah, OR",2472.0,1463.0,581.0,419.0,344.0,85.0,10.0,24.0,1009.0,598.0,270.0,0.0,141.0,0.0,0.0,0.0,0,598.0,851.0,419.0,485.0,85.0,10.0,24.0
14000US41051003603,"Census Tract 36.03, Multnomah, OR",651.0,417.0,252.0,74.0,61.0,16.0,14.0,0.0,234.0,164.0,56.0,14.0,0.0,0.0,0.0,0.0,0,164.0,308.0,88.0,61.0,16.0,14.0,0.0
14000US41051003701,"Census Tract 37.01, Multnomah, OR",1969.0,865.0,374.0,186.0,192.0,94.0,12.0,7.0,1104.0,739.0,274.0,70.0,10.0,11.0,0.0,0.0,0,739.0,648.0,256.0,202.0,105.0,12.0,7.0
14000US41051003702,"Census Tract 37.02, Multnomah, OR",1042.0,465.0,184.0,120.0,73.0,43.0,37.0,8.0,577.0,365.0,90.0,79.0,26.0,17.0,0.0,0.0,0,365.0,274.0,199.0,99.0,60.0,37.0,8.0
14000US41051003801,"Census Tract 38.01, Multnomah, OR",1371.0,622.0,232.0,210.0,149.0,31.0,0.0,0.0,749.0,455.0,215.0,59.0,20.0,0.0,0.0,0.0,0,455.0,447.0,269.0,169.0,31.0,0.0,0.0
14000US41051003802,"Census Tract 38.02, Multnomah, OR",1410.0,658.0,306.0,136.0,160.0,41.0,0.0,15.0,752.0,343.0,225.0,133.0,22.0,29.0,0.0,0.0,0,343.0,531.0,269.0,182.0,70.0,0.0,15.0
14000US41051003803,"Census Tract 38.03, Multnomah, OR",1783.0,959.0,406.0,255.0,220.0,54.0,0.0,24.0,824.0,484.0,189.0,47.0,81.0,23.0,0.0,0.0,0,484.0,595.0,302.0,301.0,77.0,0.0,24.0
14000US41051003901,"Census Tract 39.01, Multnomah, OR",2885.0,1614.0,663.0,401.0,214.0,160.0,108.0,68.0,1271.0,669.0,479.0,97.0,26.0,0.0,0.0,0.0,0,669.0,1142.0,498.0,240.0,160.0,108.0,68.0
14000US41051003902,"Census Tract 39.02, Multnomah, OR",1351.0,885.0,405.0,160.0,276.0,34.0,10.0,0.0,466.0,279.0,127.0,52.0,0.0,0.0,8.0,0.0,0,279.0,532.0,212.0,276.0,34.0,18.0,0.0
14000US41051004001,"Census Tract 40.01, Multnomah, OR",2734.0,1616.0,642.0,216.0,367.0,134.0,28.0,229.0,1118.0,775.0,287.0,22.0,34.0,0.0,0.0,0.0,0,775.0,929.0,238.0,401.0,134.0,28.0,229.0
14000US41051004002,"Census Tract 40.02, Multnomah, OR",1729.0,966.0,437.0,269.0,202.0,39.0,19.0,0.0,763.0,433.0,142.0,19.0,77.0,57.0,17.0,18.0,0,433.0,579.0,288.0,279.0,96.0,36.0,18.0
14000US41051004101,"Census Tract 41.01, Multnomah, OR",2881.0,1748.0,762.0,331.0,413.0,181.0,34.0,27.0,1133.0,710.0,320.0,68.0,16.0,19.0,0.0,0.0,0,710.0,1082.0,399.0,429.0,200.0,34.0,27.0
14000US41051004102,"Census Tract 41.02, Multnomah, OR",2096.0,1294.0,685.0,232.0,234.0,52.0,30.0,61.0,802.0,531.0,187.0,62.0,22.0,0.0,0.0,0.0,0,531.0,872.0,294.0,256.0,52.0,30.0,61.0
14000US41051004200,"Census Tract 42, Multnomah, OR",1910.0,827.0,360.0,120.0,172.0,148.0,27.0,0.0,1083.0,769.0,296.0,18.0,0.0,0.0,0.0,0.0,0,769.0,656.0,138.0,172.0,148.0,27.0,0.0
14000US41051004300,"Census Tract 43, Multnomah, OR",446.0,275.0,144.0,66.0,57.0,7.0,1.0,0.0,171.0,113.0,58.0,0.0,0.0,0.0,0.0,0.0,0,113.0,202.0,66.0,57.0,7.0,1.0,0.0
14000US41051004500,"Census Tract 45, Multnomah, OR",1353.0,520.0,236.0,119.0,83.0,49.0,33.0,0.0,833.0,499.0,324.0,10.0,0.0,0.0,0.0,0.0,0,499.0,560.0,129.0,83.0,49.0,33.0,0.0
14000US41051004601,"Census Tract 46.01, Multnomah, OR",1495.0,877.0,514.0,179.0,153.0,20.0,11.0,0.0,618.0,497.0,112.0,9.0,0.0,0.0,0.0,0.0,0,497.0,626.0,188.0,153.0,20.0,11.0,0.0
14000US41051004602,"Census Tract 46.02, Multnomah, OR",885.0,595.0,279.0,96.0,177.0,43.0,0.0,0.0,290.0,228.0,51.0,11.0,0.0,0.0,0.0,0.0,0,228.0,330.0,107.0,177.0,43.0,0.0,0.0
14000US41051004700,"Census Tract 47, Multnomah, OR",2587.0,843.0,480.0,221.0,102.0,40.0,0.0,0.0,1744.0,1410.0,276.0,22.0,12.0,24.0,0.0,0.0,0,1410.0,756.0,243.0,114.0,64.0,0.0,0.0
14000US41051004800,"Census Tract 48, Multnomah, OR",2049.0,523.0,456.0,67.0,0.0,0.0,0.0,0.0,1526.0,1242.0,249.0,19.0,16.0,0.0,0.0,0.0,0,1242.0,705.0,86.0,16.0,0.0,0.0,0.0
14000US41051004900,"Census Tract 49, Multnomah, OR",2937.0,565.0,415.0,43.0,88.0,19.0,0.0,0.0,2372.0,1876.0,474.0,0.0,22.0,0.0,0.0,0.0,0,1876.0,889.0,43.0,110.0,19.0,0.0,0.0
14000US41051005000,"Census Tract 50, Multnomah, OR",2321.0,564.0,484.0,50.0,22.0,8.0,0.0,0.0,1757.0,1465.0,292.0,0.0,0.0,0.0,0.0,0.0,0,1465.0,776.0,50.0,22.0,8.0,0.0,0.0
14000US41051005100,"Census Tract 51, Multnomah, OR",5570.0,1138.0,996.0,73.0,69.0,0.0,0.0,0.0,4432.0,3778.0,654.0,0.0,0.0,0.0,0.0,0.0,0,3778.0,1650.0,73.0,69.0,0.0,0.0,0.0
14000US41051005200,"Census Tract 52, Multnomah, OR",3137.0,585.0,507.0,42.0,14.0,22.0,0.0,0.0,2552.0,2195.0,346.0,11.0,0.0,0.0,0.0,0.0,0,2195.0,853.0,53.0,14.0,22.0,0.0,0.0
14000US41051005500,"Census Tract 55, Multnomah, OR",1687.0,302.0,248.0,21.0,8.0,25.0,0.0,0.0,1385.0,953.0,277.0,117.0,20.0,0.0,0.0,18.0,0,953.0,525.0,138.0,28.0,25.0,0.0,18.0
14000US41051005600,"Census Tract 56, Multnomah, OR",2751.0,349.0,299.0,24.0,26.0,0.0,0.0,0.0,2402.0,1676.0,366.0,83.0,277.0,0.0,0.0,0.0,0,1676.0,665.0,107.0,303.0,0.0,0.0,0.0
14000US41051005700,"Census Tract 57, Multnomah, OR",2354.0,657.0,489.0,112.0,16.0,25.0,0.0,15.0,1697.0,1326.0,357.0,14.0,0.0,0.0,0.0,0.0,0,1326.0,846.0,126.0,16.0,25.0,0.0,15.0
14000US41051005800,"Census Tract 58, Multnomah, OR",2411.0,1242.0,762.0,209.0,206.0,65.0,0.0,0.0,1169.0,937.0,174.0,58.0,0.0,0.0,0.0,0.0,0,937.0,936.0,267.0,206.0,65.0,0.0,0.0
14000US41051005900,"Census Tract 59, Multnomah, OR",4830.0,1558.0,1172.0,235.0,117.0,0.0,0.0,34.0,3272.0,2282.0,843.0,147.0,0.0,0.0,0.0,0.0,0,2282.0,2015.0,382.0,117.0,0.0,0.0,34.0
14000US41051006001,"Census Tract 60.01, Multnomah, OR",738.0,380.0,232.0,76.0,71.0,1.0,0.0,0.0,358.0,255.0,71.0,12.0,16.0,0.0,0.0,4.0,0,255.0,303.0,88.0,87.0,1.0,0.0,4.0
14000US41051006002,"Census Tract 60.02, Multnomah, OR",961.0,581.0,218.0,136.0,176.0,45.0,5.0,1.0,380.0,294.0,86.0,0.0,0.0,0.0,0.0,0.0,0,294.0,304.0,136.0,176.0,45.0,5.0,1.0
14000US41051006100,"Census Tract 61, Multnomah, OR",1015.0,776.0,415.0,135.0,174.0,52.0,0.0,0.0,239.0,189.0,45.0,5.0,0.0,0.0,0.0,0.0,0,189.0,460.0,140.0,174.0,52.0,0.0,0.0
14000US41051006200,"Census Tract 62, Multnomah, OR",1269.0,746.0,331.0,202.0,161.0,25.0,27.0,0.0,523.0,299.0,202.0,7.0,15.0,0.0,0.0,0.0,0,299.0,533.0,209.0,176.0,25.0,27.0,0.0
14000US41051006300,"Census Tract 63, Multnomah, OR",1661.0,1151.0,574.0,230.0,233.0,99.0,11.0,4.0,510.0,347.0,58.0,24.0,46.0,24.0,11.0,0.0,0,347.0,632.0,254.0,279.0,123.0,22.0,4.0
14000US41051006402,"Census Tract 64.02, Multnomah, OR",2107.0,1704.0,662.0,460.0,452.0,85.0,40.0,5.0,403.0,319.0,65.0,19.0,0.0,0.0,0.0,0.0,0,319.0,727.0,479.0,452.0,85.0,40.0,5.0
14000US41051006403,"Census Tract 64.03, Multnomah, OR",1721.0,1006.0,495.0,196.0,154.0,77.0,64.0,20.0,715.0,602.0,88.0,17.0,0.0,8.0,0.0,0.0,0,602.0,583.0,213.0,154.0,85.0,64.0,20.0
14000US41051006404,"Census Tract 64.04, Multnomah, OR",1720.0,1010.0,497.0,295.0,189.0,20.0,0.0,9.0,710.0,564.0,110.0,22.0,14.0,0.0,0.0,0.0,0,564.0,607.0,317.0,203.0,20.0,0.0,9.0
14000US41051006501,"Census Tract 65.01, Multnomah, OR",2404.0,1680.0,706.0,521.0,315.0,70.0,68.0,0.0,724.0,326.0,398.0,0.0,0.0,0.0,0.0,0.0,0,326.0,1104.0,521.0,315.0,70.0,68.0,0.0
14000US41051006502,"Census Tract 65.02, Multnomah, OR",2063.0,871.0,444.0,196.0,143.0,14.0,55.0,19.0,1192.0,677.0,439.0,38.0,38.0,0.0,0.0,0.0,0,677.0,883.0,234.0,181.0,14.0,55.0,19.0
14000US41051006601,"Census Tract 66.01, Multnomah, OR",1108.0,726.0,397.0,102.0,212.0,15.0,0.0,0.0,382.0,290.0,92.0,0.0,0.0,0.0,0.0,0.0,0,290.0,489.0,102.0,212.0,15.0,0.0,0.0
14000US41051006602,"Census Tract 66.02, Multnomah, OR",2492.0,1360.0,609.0,335.0,319.0,62.0,35.0,0.0,1132.0,796.0,301.0,24.0,11.0,0.0,0.0,0.0,0,796.0,910.0,359.0,330.0,62.0,35.0,0.0
14000US41051006701,"Census Tract 67.01, Multnomah, OR",1373.0,842.0,363.0,228.0,182.0,69.0,0.0,0.0,531.0,459.0,72.0,0.0,0.0,0.0,0.0,0.0,0,459.0,435.0,228.0,182.0,69.0,0.0,0.0
14000US41051006702,"Census Tract 67.02, Multnomah, OR",1449.0,873.0,316.0,278.0,166.0,113.0,0.0,0.0,576.0,405.0,149.0,14.0,8.0,0.0,0.0,0.0,0,405.0,465.0,292.0,174.0,113.0,0.0,0.0
14000US41051006801,"Census Tract 68.01, Multnomah, OR",1108.0,633.0,276.0,156.0,168.0,33.0,0.0,0.0,475.0,400.0,75.0,0.0,0.0,0.0,0.0,0.0,0,400.0,351.0,156.0,168.0,33.0,0.0,0.0
14000US41051006802,"Census Tract 68.02, Multnomah, OR",1454.0,986.0,387.0,311.0,198.0,72.0,18.0,0.0,468.0,365.0,103.0,0.0,0.0,0.0,0.0,0.0,0,365.0,490.0,311.0,198.0,72.0,18.0,0.0
14000US41051006900,"Census Tract 69, Multnomah, OR",1149.0,856.0,478.0,169.0,149.0,60.0,0.0,0.0,293.0,205.0,63.0,25.0,0.0,0.0,0.0,0.0,0,205.0,541.0,194.0,149.0,60.0,0.0,0.0
14000US41051007000,"Census Tract 70, Multnomah, OR",3168.0,2356.0,1061.0,419.0,623.0,195.0,32.0,26.0,812.0,762.0,50.0,0.0,0.0,0.0,0.0,0.0,0,762.0,1111.0,419.0,623.0,195.0,32.0,26.0
14000US41051007100,"Census Tract 71, Multnomah, OR",1095.0,707.0,355.0,176.0,134.0,30.0,12.0,0.0,388.0,331.0,29.0,19.0,9.0,0.0,0.0,0.0,0,331.0,384.0,195.0,143.0,30.0,12.0,0.0
14000US41051007201,"Census Tract 72.01, Multnomah, OR",1181.0,512.0,373.0,55.0,11.0,38.0,35.0,0.0,669.0,522.0,97.0,19.0,19.0,12.0,0.0,0.0,0,522.0,470.0,74.0,30.0,50.0,35.0,0.0
14000US41051007202,"Census Tract 72.02, Multnomah, OR",1222.0,765.0,226.0,278.0,133.0,78.0,38.0,12.0,457.0,343.0,105.0,9.0,0.0,0.0,0.0,0.0,0,343.0,331.0,287.0,133.0,78.0,38.0,12.0
14000US41051007300,"Census Tract 73, Multnomah, OR",188.0,70.0,21.0,5.0,31.0,7.0,0.0,6.0,118.0,89.0,24.0,0.0,5.0,0.0,0.0,0.0,0,89.0,45.0,5.0,36.0,7.0,0.0,6.0
14000US41051007400,"Census Tract 74, Multnomah, OR",1396.0,923.0,293.0,150.0,245.0,115.0,19.0,101.0,473.0,331.0,104.0,27.0,11.0,0.0,0.0,0.0,0,331.0,397.0,177.0,256.0,115.0,19.0,101.0
14000US41051007500,"Census Tract 75, Multnomah, OR",1782.0,1038.0,316.0,286.0,216.0,154.0,8.0,58.0,744.0,402.0,187.0,131.0,6.0,8.0,0.0,10.0,0,402.0,503.0,417.0,222.0,162.0,8.0,68.0
14000US41051007600,"Census Tract 76, Multnomah, OR",1328.0,721.0,341.0,161.0,48.0,65.0,87.0,19.0,607.0,431.0,129.0,37.0,10.0,0.0,0.0,0.0,0,431.0,470.0,198.0,58.0,65.0,87.0,19.0
14000US41051007700,"Census Tract 77, Multnomah, OR",804.0,500.0,191.0,174.0,37.0,38.0,10.0,50.0,304.0,221.0,56.0,10.0,17.0,0.0,0.0,0.0,0,221.0,247.0,184.0,54.0,38.0,10.0,50.0
14000US41051007800,"Census Tract 78, Multnomah, OR",785.0,503.0,181.0,156.0,72.0,49.0,17.0,28.0,282.0,155.0,95.0,2.0,18.0,12.0,0.0,0.0,0,155.0,276.0,158.0,90.0,61.0,17.0,28.0
14000US41051007900,"Census Tract 79, Multnomah, OR",1817.0,1052.0,419.0,359.0,152.0,83.0,12.0,27.0,765.0,531.0,188.0,19.0,27.0,0.0,0.0,0.0,0,531.0,607.0,378.0,179.0,83.0,12.0,27.0
14000US41051008001,"Census Tract 80.01, Multnomah, OR",1352.0,637.0,297.0,166.0,97.0,75.0,2.0,0.0,715.0,429.0,237.0,39.0,0.0,10.0,0.0,0.0,0,429.0,534.0,205.0,97.0,85.0,2.0,0.0
14000US41051008002,"Census Tract 80.02, Multnomah, OR",1136.0,716.0,216.0,186.0,145.0,122.0,20.0,27.0,420.0,360.0,36.0,14.0,10.0,0.0,0.0,0.0,0,360.0,252.0,200.0,155.0,122.0,20.0,27.0
14000US41051008100,"Census Tract 81, Multnomah, OR",3116.0,1654.0,625.0,420.0,237.0,219.0,108.0,45.0,1462.0,1098.0,296.0,46.0,12.0,10.0,0.0,0.0,0,1098.0,921.0,466.0,249.0,229.0,108.0,45.0
14000US41051008201,"Census Tract 82.01, Multnomah, OR",1308.0,696.0,307.0,166.0,183.0,40.0,0.0,0.0,612.0,515.0,79.0,18.0,0.0,0.0,0.0,0.0,0,515.0,386.0,184.0,183.0,40.0,0.0,0.0
14000US41051008202,"Census Tract 82.02, Multnomah, OR",3114.0,1799.0,509.0,480.0,459.0,134.0,179.0,38.0,1315.0,1031.0,252.0,0.0,32.0,0.0,0.0,0.0,0,1031.0,761.0,480.0,491.0,134.0,179.0,38.0
14000US41051008301,"Census Tract 83.01, Multnomah, OR",1657.0,1012.0,428.0,238.0,249.0,59.0,38.0,0.0,645.0,483.0,107.0,21.0,12.0,0.0,0.0,22.0,0,483.0,535.0,259.0,261.0,59.0,38.0,22.0
14000US41051008302,"Census Tract 83.02, Multnomah, OR",1497.0,934.0,304.0,242.0,152.0,101.0,112.0,23.0,563.0,399.0,111.0,0.0,30.0,23.0,0.0,0.0,0,399.0,415.0,242.0,182.0,124.0,112.0,23.0
14000US41051008400,"Census Tract 84, Multnomah, OR",1586.0,949.0,355.0,244.0,132.0,101.0,57.0,60.0,637.0,475.0,152.0,10.0,0.0,0.0,0.0,0.0,0,475.0,507.0,254.0,132.0,101.0,57.0,60.0
14000US41051008500,"Census Tract 85, Multnomah, OR",1576.0,1128.0,442.0,239.0,210.0,74.0,87.0,76.0,448.0,301.0,147.0,0.0,0.0,0.0,0.0,0.0,0,301.0,589.0,239.0,210.0,74.0,87.0,76.0
14000US41051008600,"Census Tract 86, Multnomah, OR",1562.0,886.0,334.0,230.0,101.0,139.0,10.0,72.0,676.0,469.0,196.0,0.0,0.0,0.0,11.0,0.0,0,469.0,530.0,230.0,101.0,139.0,21.0,72.0
14000US41051008700,"Census Tract 87, Multnomah, OR",1793.0,1062.0,391.0,279.0,253.0,40.0,43.0,56.0,731.0,412.0,243.0,48.0,17.0,0.0,11.0,0.0,0,412.0,634.0,327.0,270.0,40.0,54.0,56.0
14000US41051008800,"Census Tract 88, Multnomah, OR",1620.0,1042.0,414.0,360.0,174.0,59.0,23.0,12.0,578.0,417.0,131.0,12.0,9.0,9.0,0.0,0.0,0,417.0,545.0,372.0,183.0,68.0,23.0,12.0
14000US41051008901,"Census Tract 89.01, Multnomah, OR",3177.0,2428.0,876.0,410.0,440.0,373.0,224.0,105.0,749.0,581.0,168.0,0.0,0.0,0.0,0.0,0.0,0,581.0,1044.0,410.0,440.0,373.0,224.0,105.0
14000US41051008902,"Census Tract 89.02, Multnomah, OR",1472.0,836.0,292.0,295.0,162.0,65.0,12.0,10.0,636.0,344.0,227.0,59.0,6.0,0.0,0.0,0.0,0,344.0,519.0,354.0,168.0,65.0,12.0,10.0
14000US41051009000,"Census Tract 90, Multnomah, OR",3405.0,2427.0,584.0,612.0,547.0,400.0,165.0,119.0,978.0,721.0,144.0,68.0,31.0,14.0,0.0,0.0,0,721.0,728.0,680.0,578.0,414.0,165.0,119.0
14000US41051009101,"Census Tract 91.01, Multnomah, OR",2026.0,1254.0,499.0,256.0,258.0,123.0,89.0,29.0,772.0,556.0,173.0,43.0,0.0,0.0,0.0,0.0,0,556.0,672.0,299.0,258.0,123.0,89.0,29.0
14000US41051009102,"Census Tract 91.02, Multnomah, OR",2278.0,1504.0,528.0,404.0,196.0,258.0,30.0,88.0,774.0,603.0,171.0,0.0,0.0,0.0,0.0,0.0,0,603.0,699.0,404.0,196.0,258.0,30.0,88.0
14000US41051009201,"Census Tract 92.01, Multnomah, OR",2907.0,1879.0,692.0,509.0,240.0,230.0,153.0,55.0,1028.0,708.0,279.0,41.0,0.0,0.0,0.0,0.0,0,708.0,971.0,550.0,240.0,230.0,153.0,55.0
14000US41051009202,"Census Tract 92.02, Multnomah, OR",1724.0,1144.0,366.0,290.0,139.0,163.0,105.0,81.0,580.0,459.0,62.0,28.0,17.0,10.0,0.0,4.0,0,459.0,428.0,318.0,156.0,173.0,105.0,85.0
14000US41051009301,"Census Tract 93.01, Multnomah, OR",2286.0,1431.0,376.0,398.0,256.0,255.0,74.0,72.0,855.0,644.0,114.0,69.0,28.0,0.0,0.0,0.0,0,644.0,490.0,467.0,284.0,255.0,74.0,72.0
14000US41051009302,"Census Tract 93.02, Multnomah, OR",1752.0,895.0,355.0,188.0,109.0,85.0,49.0,109.0,857.0,644.0,163.0,9.0,32.0,0.0,9.0,0.0,0,644.0,518.0,197.0,141.0,85.0,58.0,109.0
14000US41051009400,"Census Tract 94, Multnomah, OR",2744.0,1793.0,966.0,438.0,221.0,128.0,15.0,25.0,951.0,845.0,68.0,0.0,20.0,18.0,0.0,0.0,0,845.0,1034.0,438.0,241.0,146.0,15.0,25.0
14000US41051009501,"Census Tract 95.01, Multnomah, OR",1895.0,1209.0,519.0,332.0,251.0,63.0,44.0,0.0,686.0,536.0,141.0,9.0,0.0,0.0,0.0,0.0,0,536.0,660.0,341.0,251.0,63.0,44.0,0.0
14000US41051009502,"Census Tract 95.02, Multnomah, OR",1597.0,997.0,525.0,152.0,271.0,15.0,34.0,0.0,600.0,460.0,111.0,22.0,7.0,0.0,0.0,0.0,0,460.0,636.0,174.0,278.0,15.0,34.0,0.0
14000US41051009603,"Census Tract 96.03, Multnomah, OR",1281.0,857.0,281.0,203.0,139.0,94.0,95.0,45.0,424.0,370.0,48.0,0.0,0.0,6.0,0.0,0.0,0,370.0,329.0,203.0,139.0,100.0,95.0,45.0
14000US41051009604,"Census Tract 96.04, Multnomah, OR",1910.0,1236.0,523.0,198.0,320.0,89.0,43.0,63.0,674.0,484.0,154.0,36.0,0.0,0.0,0.0,0.0,0,484.0,677.0,234.0,320.0,89.0,43.0,63.0
14000US41051009605,"Census Tract 96.05, Multnomah, OR",2239.0,1322.0,586.0,361.0,217.0,97.0,8.0,53.0,917.0,808.0,93.0,16.0,0.0,0.0,0.0,0.0,0,808.0,679.0,377.0,217.0,97.0,8.0,53.0
14000US41051009606,"Census Tract 96.06, Multnomah, OR",2020.0,1219.0,294.0,302.0,246.0,207.0,141.0,29.0,801.0,620.0,119.0,27.0,35.0,0.0,0.0,0.0,0,620.0,413.0,329.0,281.0,207.0,141.0,29.0
14000US41051009701,"Census Tract 97.01, Multnomah, OR",2159.0,1425.0,584.0,320.0,220.0,219.0,74.0,8.0,734.0,502.0,177.0,55.0,0.0,0.0,0.0,0.0,0,502.0,761.0,375.0,220.0,219.0,74.0,8.0
14000US41051009702,"Census Tract 97.02, Multnomah, OR",2640.0,1987.0,610.0,436.0,312.0,416.0,184.0,29.0,653.0,491.0,68.0,47.0,47.0,0.0,0.0,0.0,0,491.0,678.0,483.0,359.0,416.0,184.0,29.0
14000US41051009801,"Census Tract 98.01, Multnomah, OR",1482.0,1022.0,435.0,243.0,96.0,50.0,120.0,78.0,460.0,332.0,117.0,11.0,0.0,0.0,0.0,0.0,0,332.0,552.0,254.0,96.0,50.0,120.0,78.0
14000US41051009803,"Census Tract 98.03, Multnomah, OR",2651.0,1737.0,618.0,288.0,331.0,377.0,34.0,89.0,914.0,683.0,215.0,16.0,0.0,0.0,0.0,0.0,0,683.0,833.0,304.0,331.0,377.0,34.0,89.0
14000US41051009804,"Census Tract 98.04, Multnomah, OR",1137.0,788.0,261.0,210.0,146.0,114.0,21.0,36.0,349.0,287.0,50.0,12.0,0.0,0.0,0.0,0.0,0,287.0,311.0,222.0,146.0,114.0,21.0,36.0
14000US41051009903,"Census Tract 99.03, Multnomah, OR",2281.0,1754.0,790.0,274.0,317.0,202.0,129.0,42.0,527.0,433.0,94.0,0.0,0.0,0.0,0.0,0.0,0,433.0,884.0,274.0,317.0,202.0,129.0,42.0
14000US41051009904,"Census Tract 99.04, Multnomah, OR",1346.0,912.0,274.0,267.0,194.0,48.0,98.0,31.0,434.0,367.0,60.0,7.0,0.0,0.0,0.0,0.0,0,367.0,334.0,274.0,194.0,48.0,98.0,31.0
14000US41051009905,"Census Tract 99.05, Multnomah, OR",1207.0,865.0,320.0,178.0,214.0,110.0,21.0,22.0,342.0,257.0,68.0,17.0,0.0,0.0,0.0,0.0,0,257.0,388.0,195.0,214.0,110.0,21.0,22.0
14000US41051009906,"Census Tract 99.06, Multnomah, OR",1296.0,888.0,425.0,196.0,142.0,46.0,50.0,29.0,408.0,300.0,57.0,51.0,0.0,0.0,0.0,0.0,0,300.0,482.0,247.0,142.0,46.0,50.0,29.0
14000US41051009907,"Census Tract 99.07, Multnomah, OR",1992.0,1472.0,651.0,268.0,355.0,141.0,50.0,7.0,520.0,450.0,59.0,0.0,9.0,2.0,0.0,0.0,0,450.0,710.0,268.0,364.0,143.0,50.0,7.0
14000US41051010001,"Census Tract 100.01, Multnomah, OR",2475.0,1239.0,594.0,236.0,117.0,138.0,98.0,56.0,1236.0,908.0,316.0,0.0,0.0,12.0,0.0,0.0,0,908.0,910.0,236.0,117.0,150.0,98.0,56.0
14000US41051010002,"Census Tract 100.02, Multnomah, OR",1964.0,1341.0,396.0,354.0,358.0,164.0,63.0,6.0,623.0,571.0,36.0,16.0,0.0,0.0,0.0,0.0,0,571.0,432.0,370.0,358.0,164.0,63.0,6.0
14000US41051010100,"Census Tract 101, Multnomah, OR",3664.0,2171.0,1028.0,525.0,263.0,272.0,42.0,41.0,1493.0,1295.0,185.0,13.0,0.0,0.0,0.0,0.0,0,1295.0,1213.0,538.0,263.0,272.0,42.0,41.0
14000US41051010200,"Census Tract 102, Multnomah, OR",2401.0,1805.0,859.0,274.0,492.0,165.0,15.0,0.0,596.0,535.0,61.0,0.0,0.0,0.0,0.0,0.0,0,535.0,920.0,274.0,492.0,165.0,15.0,0.0
14000US41051010303,"Census Tract 103.03, Multnomah, OR",2106.0,1226.0,308.0,298.0,342.0,182.0,63.0,33.0,880.0,709.0,153.0,0.0,18.0,0.0,0.0,0.0,0,709.0,461.0,298.0,360.0,182.0,63.0,33.0
14000US41051010304,"Census Tract 103.04, Multnomah, OR",1266.0,957.0,323.0,213.0,141.0,161.0,43.0,76.0,309.0,163.0,129.0,17.0,0.0,0.0,0.0,0.0,0,163.0,452.0,230.0,141.0,161.0,43.0,76.0
14000US41051010305,"Census Tract 103.05, Multnomah, OR",1518.0,1124.0,465.0,239.0,280.0,106.0,23.0,11.0,394.0,208.0,132.0,28.0,26.0,0.0,0.0,0.0,0,208.0,597.0,267.0,306.0,106.0,23.0,11.0
14000US41051010306,"Census Tract 103.06, Multnomah, OR",1691.0,1317.0,458.0,307.0,322.0,187.0,0.0,43.0,374.0,268.0,97.0,9.0,0.0,0.0,0.0,0.0,0,268.0,555.0,316.0,322.0,187.0,0.0,43.0
14000US41051010402,"Census Tract 104.02, Multnomah, OR",2238.0,1671.0,545.0,300.0,437.0,216.0,119.0,54.0,567.0,380.0,165.0,16.0,0.0,6.0,0.0,0.0,0,380.0,710.0,316.0,437.0,222.0,119.0,54.0
14000US41051010405,"Census Tract 104.05, Multnomah, OR",2404.0,1443.0,592.0,389.0,248.0,41.0,173.0,0.0,961.0,802.0,110.0,26.0,0.0,23.0,0.0,0.0,0,802.0,702.0,415.0,248.0,64.0,173.0,0.0
14000US41051010407,"Census Tract 104.07, Multnomah, OR",1917.0,1432.0,487.0,373.0,254.0,225.0,71.0,22.0,485.0,372.0,84.0,0.0,21.0,8.0,0.0,0.0,0,372.0,571.0,373.0,275.0,233.0,71.0,22.0
14000US41051010408,"Census Tract 104.08, Multnomah, OR",2025.0,1232.0,343.0,237.0,314.0,206.0,99.0,33.0,793.0,495.0,247.0,51.0,0.0,0.0,0.0,0.0,0,495.0,590.0,288.0,314.0,206.0,99.0,33.0
14000US41051010409,"Census Tract 104.09, Multnomah, OR",2865.0,2217.0,903.0,419.0,551.0,157.0,146.0,41.0,648.0,485.0,82.0,47.0,0.0,34.0,0.0,0.0,0,485.0,985.0,466.0,551.0,191.0,146.0,41.0
14000US41051010410,"Census Tract 104.10, Multnomah, OR",1704.0,980.0,469.0,232.0,105.0,130.0,23.0,21.0,724.0,468.0,180.0,49.0,27.0,0.0,0.0,0.0,0,468.0,649.0,281.0,132.0,130.0,23.0,21.0
14000US41051010411,"Census Tract 104.11, Multnomah, OR",1266.0,757.0,295.0,139.0,216.0,46.0,36.0,25.0,509.0,366.0,136.0,7.0,0.0,0.0,0.0,0.0,0,366.0,431.0,146.0,216.0,46.0,36.0,25.0
14000US41051010500,"Census Tract 105, Multnomah, OR",1468.0,1000.0,504.0,156.0,268.0,0.0,42.0,30.0,468.0,385.0,66.0,7.0,0.0,0.0,10.0,0.0,0,385.0,570.0,163.0,268.0,0.0,52.0,30.0
14000US41051010600,"Census Tract 106, Multnomah, OR",2080.0,192.0,173.0,19.0,0.0,0.0,0.0,0.0,1888.0,1727.0,161.0,0.0,0.0,0.0,0.0,0.0,0,1727.0,334.0,19.0,0.0,0.0,0.0,0.0
14000US41051980000,"Census Tract 9800, Multnomah, OR",0.0,0.0,0.0,0.0,0.0,0.0,0.0,0.0,0.0,0.0,0.0,0.0,0.0,0.0,0.0,0.0,0,0.0,0.0,0.0,0.0,0.0,0.0,0.0
14000US41067030101,"Census Tract 301.01, Washington, OR",4010.0,1927.0,1100.0,444.0,309.0,42.0,13.0,19.0,2083.0,1492.0,476.0,30.0,85.0,0.0,0.0,0.0,0,1492.0,1576.0,474.0,394.0,42.0,13.0,19.0
14000US41067030102,"Census Tract 301.02, Washington, OR",3081.0,2145.0,1174.0,424.0,374.0,80.0,0.0,93.0,936.0,768.0,168.0,0.0,0.0,0.0,0.0,0.0,0,768.0,1342.0,424.0,374.0,80.0,0.0,93.0
14000US41067030200,"Census Tract 302, Washington, OR",2705.0,1690.0,942.0,256.0,240.0,121.0,97.0,34.0,1015.0,800.0,193.0,0.0,22.0,0.0,0.0,0.0,0,800.0,1135.0,256.0,262.0,121.0,97.0,34.0
14000US41067030300,"Census Tract 303, Washington, OR",1942.0,1224.0,668.0,172.0,226.0,114.0,24.0,20.0,718.0,527.0,172.0,19.0,0.0,0.0,0.0,0.0,0,527.0,840.0,191.0,226.0,114.0,24.0,20.0
14000US41067030401,"Census Tract 304.01, Washington, OR",2165.0,1019.0,487.0,155.0,305.0,72.0,0.0,0.0,1146.0,964.0,182.0,0.0,0.0,0.0,0.0,0.0,0,964.0,669.0,155.0,305.0,72.0,0.0,0.0
14000US41067030402,"Census Tract 304.02, Washington, OR",2190.0,1080.0,504.0,232.0,231.0,66.0,27.0,20.0,1110.0,824.0,211.0,75.0,0.0,0.0,0.0,0.0,0,824.0,715.0,307.0,231.0,66.0,27.0,20.0
14000US41067030501,"Census Tract 305.01, Washington, OR",2088.0,1167.0,580.0,199.0,323.0,52.0,0.0,13.0,921.0,714.0,173.0,34.0,0.0,0.0,0.0,0.0,0,714.0,753.0,233.0,323.0,52.0,0.0,13.0
14000US41067030502,"Census Tract 305.02, Washington, OR",1617.0,1012.0,547.0,173.0,261.0,21.0,10.0,0.0,605.0,412.0,185.0,0.0,8.0,0.0,0.0,0.0,0,412.0,732.0,173.0,269.0,21.0,10.0,0.0
14000US41067030600,"Census Tract 306, Washington, OR",2334.0,1367.0,762.0,254.0,294.0,22.0,0.0,35.0,967.0,747.0,140.0,30.0,50.0,0.0,0.0,0.0,0,747.0,902.0,284.0,344.0,22.0,0.0,35.0
14000US41067030700,"Census Tract 307, Washington, OR",675.0,240.0,108.0,84.0,32.0,9.0,7.0,0.0,435.0,346.0,80.0,9.0,0.0,0.0,0.0,0.0,0,346.0,188.0,93.0,32.0,9.0,7.0,0.0
14000US41067030801,"Census Tract 308.01, Washington, OR",2869.0,1823.0,829.0,556.0,368.0,18.0,52.0,0.0,1046.0,726.0,268.0,33.0,19.0,0.0,0.0,0.0,0,726.0,1097.0,589.0,387.0,18.0,52.0,0.0
14000US41067030803,"Census Tract 308.03, Washington, OR",2684.0,1133.0,719.0,232.0,83.0,86.0,13.0,0.0,1551.0,1207.0,331.0,13.0,0.0,0.0,0.0,0.0,0,1207.0,1050.0,245.0,83.0,86.0,13.0,0.0
14000US41067030805,"Census Tract 308.05, Washington, OR",1767.0,981.0,539.0,209.0,190.0,43.0,0.0,0.0,786.0,602.0,147.0,28.0,9.0,0.0,0.0,0.0,0,602.0,686.0,237.0,199.0,43.0,0.0,0.0
14000US41067030806,"Census Tract 308.06, Washington, OR",1083.0,846.0,367.0,181.0,213.0,73.0,12.0,0.0,237.0,205.0,30.0,0.0,2.0,0.0,0.0,0.0,0,205.0,397.0,181.0,215.0,73.0,12.0,0.0
14000US41067030900,"Census Tract 309, Washington, OR",2206.0,1253.0,400.0,464.0,283.0,105.0,0.0,1.0,953.0,765.0,175.0,13.0,0.0,0.0,0.0,0.0,0,765.0,575.0,477.0,283.0,105.0,0.0,1.0
14000US41067031003,"Census Tract 310.03, Washington, OR",2956.0,2004.0,1079.0,276.0,448.0,70.0,112.0,19.0,952.0,797.0,145.0,10.0,0.0,0.0,0.0,0.0,0,797.0,1224.0,286.0,448.0,70.0,112.0,19.0
14000US41067031004,"Census Tract 310.04, Washington, OR",3090.0,2028.0,993.0,447.0,481.0,73.0,15.0,19.0,1062.0,877.0,150.0,35.0,0.0,0.0,0.0,0.0,0,877.0,1143.0,482.0,481.0,73.0,15.0,19.0
14000US41067031005,"Census Tract 310.05, Washington, OR",2126.0,1338.0,493.0,319.0,199.0,214.0,44.0,69.0,788.0,653.0,45.0,72.0,18.0,0.0,0.0,0.0,0,653.0,538.0,391.0,217.0,214.0,44.0,69.0
14000US41067031006,"Census Tract 310.06, Washington, OR",2836.0,1565.0,621.0,320.0,449.0,110.0,65.0,0.0,1271.0,1030.0,222.0,0.0,19.0,0.0,0.0,0.0,0,1030.0,843.0,320.0,468.0,110.0,65.0,0.0
14000US41067031100,"Census Tract 311, Washington, OR",1204.0,628.0,224.0,194.0,124.0,57.0,10.0,19.0,576.0,448.0,128.0,0.0,0.0,0.0,0.0,0.0,0,448.0,352.0,194.0,124.0,57.0,10.0,19.0
14000US41067031200,"Census Tract 312, Washington, OR",3166.0,1898.0,910.0,406.0,217.0,210.0,155.0,0.0,1268.0,1106.0,139.0,23.0,0.0,0.0,0.0,0.0,0,1106.0,1049.0,429.0,217.0,210.0,155.0,0.0
14000US41067031300,"Census Tract 313, Washington, OR",3121.0,1443.0,696.0,163.0,338.0,118.0,102.0,26.0,1678.0,1173.0,339.0,93.0,73.0,0.0,0.0,0.0,0,1173.0,1035.0,256.0,411.0,118.0,102.0,26.0
14000US41067031402,"Census Tract 314.02, Washington, OR",1253.0,612.0,261.0,158.0,79.0,103.0,11.0,0.0,641.0,327.0,249.0,65.0,0.0,0.0,0.0,0.0,0,327.0,510.0,223.0,79.0,103.0,11.0,0.0
14000US41067031403,"Census Tract 314.03, Washington, OR",1888.0,1338.0,537.0,363.0,239.0,113.0,86.0,0.0,550.0,449.0,90.0,5.0,6.0,0.0,0.0,0.0,0,449.0,627.0,368.0,245.0,113.0,86.0,0.0
14000US41067031404,"Census Tract 314.04, Washington, OR",2289.0,1305.0,603.0,170.0,301.0,221.0,10.0,0.0,984.0,646.0,229.0,94.0,0.0,0.0,15.0,0.0,0,646.0,832.0,264.0,301.0,221.0,25.0,0.0
14000US41067031504,"Census Tract 315.04, Washington, OR",2549.0,1843.0,787.0,556.0,336.0,82.0,82.0,0.0,706.0,491.0,197.0,0.0,18.0,0.0,0.0,0.0,0,491.0,984.0,556.0,354.0,82.0,82.0,0.0
14000US41067031506,"Census Tract 315.06, Washington, OR",1519.0,1083.0,490.0,224.0,290.0,57.0,10.0,12.0,436.0,335.0,101.0,0.0,0.0,0.0,0.0,0.0,0,335.0,591.0,224.0,290.0,57.0,10.0,12.0
14000US41067031507,"Census Tract 315.07, Washington, OR",2258.0,1475.0,498.0,300.0,490.0,103.0,19.0,65.0,783.0,679.0,104.0,0.0,0.0,0.0,0.0,0.0,0,679.0,602.0,300.0,490.0,103.0,19.0,65.0
14000US41067031508,"Census Tract 315.08, Washington, OR",2813.0,2329.0,756.0,365.0,762.0,277.0,100.0,69.0,484.0,414.0,53.0,0.0,17.0,0.0,0.0,0.0,0,414.0,809.0,365.0,779.0,277.0,100.0,69.0
14000US41067031509,"Census Tract 315.09, Washington, OR",1785.0,1400.0,402.0,486.0,366.0,106.0,32.0,8.0,385.0,277.0,39.0,69.0,0.0,0.0,0.0,0.0,0,277.0,441.0,555.0,366.0,106.0,32.0,8.0
14000US41067031511,"Census Tract 315.11, Washington, OR",1072.0,902.0,443.0,140.0,140.0,127.0,32.0,20.0,170.0,122.0,38.0,10.0,0.0,0.0,0.0,0.0,0,122.0,481.0,150.0,140.0,127.0,32.0,20.0
14000US41067031512,"Census Tract 315.12, Washington, OR",2664.0,2078.0,625.0,471.0,656.0,180.0,124.0,22.0,586.0,450.0,85.0,51.0,0.0,0.0,0.0,0.0,0,450.0,710.0,522.0,656.0,180.0,124.0,22.0
14000US41067031513,"Census Tract 315.13, Washington, OR",4121.0,3514.0,1050.0,860.0,1287.0,175.0,62.0,80.0,607.0,475.0,104.0,10.0,18.0,0.0,0.0,0.0,0,475.0,1154.0,870.0,1305.0,175.0,62.0,80.0
14000US41067031514,"Census Tract 315.14, Washington, OR",2703.0,1914.0,684.0,400.0,664.0,135.0,31.0,0.0,789.0,696.0,93.0,0.0,0.0,0.0,0.0,0.0,0,696.0,777.0,400.0,664.0,135.0,31.0,0.0
14000US41067031606,"Census Tract 316.06, Washington, OR",2160.0,1458.0,487.0,261.0,367.0,208.0,32.0,103.0,702.0,303.0,317.0,35.0,47.0,0.0,0.0,0.0,0,303.0,804.0,296.0,414.0,208.0,32.0,103.0
14000US41067031609,"Census Tract 316.09, Washington, OR",5324.0,3055.0,1299.0,779.0,811.0,134.0,0.0,32.0,2269.0,1556.0,671.0,42.0,0.0,0.0,0.0,0.0,0,1556.0,1970.0,821.0,811.0,134.0,0.0,32.0
14000US41067031610,"Census Tract 316.10, Washington, OR",3165.0,2047.0,813.0,572.0,391.0,123.0,148.0,0.0,1118.0,780.0,255.0,22.0,61.0,0.0,0.0,0.0,0,780.0,1068.0,594.0,452.0,123.0,148.0,0.0
14000US41067031611,"Census Tract 316.11, Washington, OR",2943.0,1980.0,744.0,744.0,341.0,151.0,0.0,0.0,963.0,531.0,331.0,101.0,0.0,0.0,0.0,0.0,0,531.0,1075.0,845.0,341.0,151.0,0.0,0.0
14000US41067031612,"Census Tract 316.12, Washington, OR",1318.0,874.0,244.0,239.0,218.0,77.0,43.0,53.0,444.0,272.0,98.0,44.0,30.0,0.0,0.0,0.0,0,272.0,342.0,283.0,248.0,77.0,43.0,53.0
14000US41067031613,"Census Tract 316.13, Washington, OR",2952.0,1886.0,756.0,364.0,480.0,286.0,0.0,0.0,1066.0,754.0,286.0,26.0,0.0,0.0,0.0,0.0,0,754.0,1042.0,390.0,480.0,286.0,0.0,0.0
14000US41067031614,"Census Tract 316.14, Washington, OR",1832.0,1377.0,481.0,289.0,353.0,188.0,42.0,24.0,455.0,330.0,116.0,9.0,0.0,0.0,0.0,0.0,0,330.0,597.0,298.0,353.0,188.0,42.0,24.0
14000US41067031615,"Census Tract 316.15, Washington, OR",1735.0,1402.0,567.0,360.0,252.0,83.0,56.0,84.0,333.0,275.0,39.0,19.0,0.0,0.0,0.0,0.0,0,275.0,606.0,379.0,252.0,83.0,56.0,84.0
14000US41067031616,"Census Tract 316.16, Washington, OR",1770.0,823.0,470.0,226.0,64.0,19.0,44.0,0.0,947.0,731.0,160.0,47.0,9.0,0.0,0.0,0.0,0,731.0,630.0,273.0,73.0,19.0,44.0,0.0
14000US41067031617,"Census Tract 316.17, Washington, OR",2428.0,1386.0,830.0,341.0,115.0,62.0,38.0,0.0,1042.0,849.0,123.0,35.0,35.0,0.0,0.0,0.0,0,849.0,953.0,376.0,150.0,62.0,38.0,0.0
14000US41067031703,"Census Tract 317.03, Washington, OR",1682.0,1395.0,518.0,323.0,293.0,150.0,105.0,6.0,287.0,188.0,91.0,8.0,0.0,0.0,0.0,0.0,0,188.0,609.0,331.0,293.0,150.0,105.0,6.0
14000US41067031704,"Census Tract 317.04, Washington, OR",3017.0,2402.0,925.0,516.0,632.0,138.0,130.0,61.0,615.0,453.0,162.0,0.0,0.0,0.0,0.0,0.0,0,453.0,1087.0,516.0,632.0,138.0,130.0,61.0
14000US41067031705,"Census Tract 317.05, Washington, OR",1867.0,1308.0,469.0,408.0,249.0,141.0,30.0,11.0,559.0,372.0,179.0,0.0,8.0,0.0,0.0,0.0,0,372.0,648.0,408.0,257.0,141.0,30.0,11.0
14000US41067031706,"Census Tract 317.06, Washington, OR",1985.0,1311.0,429.0,300.0,273.0,192.0,69.0,48.0,674.0,362.0,234.0,64.0,9.0,5.0,0.0,0.0,0,362.0,663.0,364.0,282.0,197.0,69.0,48.0
14000US41067031804,"Census Tract 318.04, Washington, OR",2162.0,1721.0,459.0,460.0,501.0,231.0,60.0,10.0,441.0,233.0,123.0,70.0,15.0,0.0,0.0,0.0,0,233.0,582.0,530.0,516.0,231.0,60.0,10.0
14000US41067031805,"Census Tract 318.05, Washington, OR",2390.0,1931.0,566.0,630.0,434.0,120.0,139.0,42.0,459.0,326.0,83.0,0.0,50.0,0.0,0.0,0.0,0,326.0,649.0,630.0,484.0,120.0,139.0,42.0
14000US41067031806,"Census Tract 318.06, Washington, OR",2076.0,1458.0,608.0,247.0,341.0,152.0,67.0,43.0,618.0,446.0,162.0,0.0,10.0,0.0,0.0,0.0,0,446.0,770.0,247.0,351.0,152.0,67.0,43.0
14000US41067031807,"Census Tract 318.07, Washington, OR",1571.0,932.0,455.0,248.0,136.0,50.0,43.0,0.0,639.0,529.0,83.0,18.0,0.0,9.0,0.0,0.0,0,529.0,538.0,266.0,136.0,59.0,43.0,0.0
14000US41067031812,"Census Tract 318.12, Washington, OR",2571.0,1567.0,940.0,368.0,203.0,56.0,0.0,0.0,1004.0,576.0,405.0,23.0,0.0,0.0,0.0,0.0,0,576.0,1345.0,391.0,203.0,56.0,0.0,0.0
14000US41067031813,"Census Tract 318.13, Washington, OR",2146.0,1519.0,513.0,516.0,240.0,233.0,0.0,17.0,627.0,432.0,195.0,0.0,0.0,0.0,0.0,0.0,0,432.0,708.0,516.0,240.0,233.0,0.0,17.0
14000US41067031814,"Census Tract 318.14, Washington, OR",1328.0,1088.0,417.0,210.0,287.0,113.0,34.0,27.0,240.0,161.0,71.0,8.0,0.0,0.0,0.0,0.0,0,161.0,488.0,218.0,287.0,113.0,34.0,27.0
14000US41067031815,"Census Tract 318.15, Washington, OR",2608.0,1684.0,632.0,402.0,428.0,132.0,90.0,0.0,924.0,681.0,177.0,20.0,46.0,0.0,0.0,0.0,0,681.0,809.0,422.0,474.0,132.0,90.0,0.0
14000US41067031904,"Census Tract 319.04, Washington, OR",1118.0,800.0,404.0,113.0,203.0,51.0,22.0,7.0,318.0,208.0,94.0,16.0,0.0,0.0,0.0,0.0,0,208.0,498.0,129.0,203.0,51.0,22.0,7.0
14000US41067031907,"Census Tract 319.07, Washington, OR",2929.0,1515.0,935.0,137.0,307.0,76.0,55.0,5.0,1414.0,1318.0,64.0,0.0,32.0,0.0,0.0,0.0,0,1318.0,999.0,137.0,339.0,76.0,55.0,5.0
14000US41067031908,"Census Tract 319.08, Washington, OR",2627.0,2100.0,761.0,457.0,557.0,225.0,83.0,17.0,527.0,356.0,147.0,15.0,9.0,0.0,0.0,0.0,0,356.0,908.0,472.0,566.0,225.0,83.0,17.0
14000US41067031909,"Census Tract 319.09, Washington, OR",1686.0,1470.0,494.0,396.0,401.0,111.0,61.0,7.0,216.0,188.0,8.0,9.0,11.0,0.0,0.0,0.0,0,188.0,502.0,405.0,412.0,111.0,61.0,7.0
14000US41067031910,"Census Tract 319.10, Washington, OR",3232.0,2578.0,1214.0,477.0,563.0,239.0,48.0,37.0,654.0,474.0,161.0,19.0,0.0,0.0,0.0,0.0,0,474.0,1375.0,496.0,563.0,239.0,48.0,37.0
14000US41067031911,"Census Tract 319.11, Washington, OR",2167.0,1476.0,619.0,448.0,257.0,124.0,9.0,19.0,691.0,515.0,137.0,31.0,8.0,0.0,0.0,0.0,0,515.0,756.0,479.0,265.0,124.0,9.0,19.0
14000US41067031912,"Census Tract 319.12, Washington, OR",1658.0,1257.0,534.0,328.0,256.0,85.0,23.0,31.0,401.0,248.0,72.0,36.0,45.0,0.0,0.0,0.0,0,248.0,606.0,364.0,301.0,85.0,23.0,31.0
14000US41067032001,"Census Tract 320.01, Washington, OR",2220.0,1425.0,811.0,268.0,236.0,76.0,34.0,0.0,795.0,679.0,105.0,3.0,8.0,0.0,0.0,0.0,0,679.0,916.0,271.0,244.0,76.0,34.0,0.0
14000US41067032003,"Census Tract 320.03, Washington, OR",1859.0,883.0,346.0,223.0,140.0,166.0,8.0,0.0,976.0,769.0,120.0,56.0,31.0,0.0,0.0,0.0,0,769.0,466.0,279.0,171.0,166.0,8.0,0.0
14000US41067032004,"Census Tract 320.04, Washington, OR",868.0,547.0,266.0,125.0,99.0,49.0,8.0,0.0,321.0,247.0,51.0,18.0,0.0,5.0,0.0,0.0,0,247.0,317.0,143.0,99.0,54.0,8.0,0.0
14000US41067032005,"Census Tract 320.05, Washington, OR",2035.0,1114.0,438.0,235.0,290.0,103.0,14.0,34.0,921.0,708.0,193.0,20.0,0.0,0.0,0.0,0.0,0,708.0,631.0,255.0,290.0,103.0,14.0,34.0
14000US41067032103,"Census Tract 321.03, Washington, OR",3768.0,2776.0,1013.0,639.0,645.0,293.0,160.0,26.0,992.0,884.0,92.0,0.0,16.0,0.0,0.0,0.0,0,884.0,1105.0,639.0,661.0,293.0,160.0,26.0
14000US41067032104,"Census Tract 321.04, Washington, OR",1645.0,1354.0,505.0,247.0,399.0,161.0,34.0,8.0,291.0,215.0,76.0,0.0,0.0,0.0,0.0,0.0,0,215.0,581.0,247.0,399.0,161.0,34.0,8.0
14000US41067032107,"Census Tract 321.07, Washington, OR",773.0,606.0,244.0,156.0,131.0,40.0,22.0,13.0,167.0,118.0,49.0,0.0,0.0,0.0,0.0,0.0,0,118.0,293.0,156.0,131.0,40.0,22.0,13.0
14000US41067032108,"Census Tract 321.08, Washington, OR",1529.0,1198.0,642.0,208.0,275.0,62.0,0.0,11.0,331.0,232.0,47.0,52.0,0.0,0.0,0.0,0.0,0,232.0,689.0,260.0,275.0,62.0,0.0,11.0
14000US41067032109,"Census Tract 321.09, Washington, OR",1034.0,982.0,369.0,203.0,266.0,122.0,22.0,0.0,52.0,43.0,9.0,0.0,0.0,0.0,0.0,0.0,0,43.0,378.0,203.0,266.0,122.0,22.0,0.0
14000US41067032110,"Census Tract 321.10, Washington, OR",969.0,692.0,346.0,121.0,127.0,78.0,16.0,4.0,277.0,186.0,83.0,8.0,0.0,0.0,0.0,0.0,0,186.0,429.0,129.0,127.0,78.0,16.0,4.0
14000US41067032200,"Census Tract 322, Washington, OR",2777.0,2102.0,803.0,390.0,553.0,304.0,52.0,0.0,675.0,570.0,91.0,0.0,0.0,14.0,0.0,0.0,0,570.0,894.0,390.0,553.0,318.0,52.0,0.0
14000US41067032300,"Census Tract 323, Washington, OR",1965.0,1563.0,578.0,270.0,438.0,190.0,33.0,54.0,402.0,338.0,42.0,10.0,12.0,0.0,0.0,0.0,0,338.0,620.0,280.0,450.0,190.0,33.0,54.0
14000US41067032404,"Census Tract 324.04, Washington, OR",2676.0,1852.0,813.0,572.0,224.0,42.0,101.0,100.0,824.0,605.0,198.0,21.0,0.0,0.0,0.0,0.0,0,605.0,1011.0,593.0,224.0,42.0,101.0,100.0
14000US41067032406,"Census Tract 324.06, Washington, OR",3166.0,2446.0,839.0,557.0,772.0,133.0,84.0,61.0,720.0,555.0,106.0,59.0,0.0,0.0,0.0,0.0,0,555.0,945.0,616.0,772.0,133.0,84.0,61.0
14000US41067032407,"Census Tract 324.07, Washington, OR",1900.0,1444.0,539.0,415.0,268.0,137.0,41.0,44.0,456.0,361.0,61.0,0.0,34.0,0.0,0.0,0.0,0,361.0,600.0,415.0,302.0,137.0,41.0,44.0
14000US41067032408,"Census Tract 324.08, Washington, OR",2930.0,2240.0,752.0,533.0,462.0,198.0,244.0,51.0,690.0,484.0,174.0,32.0,0.0,0.0,0.0,0.0,0,484.0,926.0,565.0,462.0,198.0,244.0,51.0
14000US41067032409,"Census Tract 324.09, Washington, OR",1524.0,1169.0,290.0,213.0,260.0,298.0,68.0,40.0,355.0,193.0,125.0,3.0,27.0,0.0,7.0,0.0,0,193.0,415.0,216.0,287.0,298.0,75.0,40.0
14000US41067032410,"Census Tract 324.10, Washington, OR",1377.0,956.0,279.0,178.0,103.0,251.0,82.0,63.0,421.0,336.0,77.0,8.0,0.0,0.0,0.0,0.0,0,336.0,356.0,186.0,103.0,251.0,82.0,63.0
14000US41067032501,"Census Tract 325.01, Washington, OR",949.0,576.0,160.0,155.0,69.0,116.0,52.0,24.0,373.0,274.0,77.0,22.0,0.0,0.0,0.0,0.0,0,274.0,237.0,177.0,69.0,116.0,52.0,24.0
14000US41067032502,"Census Tract 325.02, Washington, OR",1083.0,702.0,271.0,157.0,162.0,73.0,39.0,0.0,381.0,186.0,137.0,19.0,39.0,0.0,0.0,0.0,0,186.0,408.0,176.0,201.0,73.0,39.0,0.0
14000US41067032503,"Census Tract 325.03, Washington, OR",1353.0,1045.0,458.0,160.0,244.0,91.0,53.0,39.0,308.0,254.0,54.0,0.0,0.0,0.0,0.0,0.0,0,254.0,512.0,160.0,244.0,91.0,53.0,39.0
14000US41067032603,"Census Tract 326.03, Washington, OR",2387.0,2019.0,772.0,481.0,437.0,133.0,106.0,90.0,368.0,281.0,52.0,35.0,0.0,0.0,0.0,0.0,0,281.0,824.0,516.0,437.0,133.0,106.0,90.0
14000US41067032604,"Census Tract 326.04, Washington, OR",2295.0,1676.0,787.0,433.0,325.0,47.0,62.0,22.0,619.0,383.0,181.0,35.0,0.0,20.0,0.0,0.0,0,383.0,968.0,468.0,325.0,67.0,62.0,22.0
14000US41067032606,"Census Tract 326.06, Washington, OR",2213.0,1569.0,659.0,240.0,459.0,178.0,7.0,26.0,644.0,422.0,140.0,82.0,0.0,0.0,0.0,0.0,0,422.0,799.0,322.0,459.0,178.0,7.0,26.0
14000US41067032607,"Census Tract 326.07, Washington, OR",2583.0,1291.0,1001.0,209.0,63.0,18.0,0.0,0.0,1292.0,1083.0,183.0,26.0,0.0,0.0,0.0,0.0,0,1083.0,1184.0,235.0,63.0,18.0,0.0,0.0
14000US41067032608,"Census Tract 326.08, Washington, OR",1020.0,626.0,331.0,152.0,100.0,19.0,24.0,0.0,394.0,222.0,157.0,6.0,9.0,0.0,0.0,0.0,0,222.0,488.0,158.0,109.0,19.0,24.0,0.0
14000US41067032609,"Census Tract 326.09, Washington, OR",955.0,668.0,290.0,149.0,147.0,34.0,45.0,3.0,287.0,221.0,47.0,19.0,0.0,0.0,0.0,0.0,0,221.0,337.0,168.0,147.0,34.0,45.0,3.0
14000US41067032610,"Census Tract 326.10, Washington, OR",967.0,786.0,265.0,150.0,164.0,141.0,48.0,18.0,181.0,148.0,33.0,0.0,0.0,0.0,0.0,0.0,0,148.0,298.0,150.0,164.0,141.0,48.0,18.0
14000US41067032700,"Census Tract 327, Washington, OR",1950.0,1470.0,754.0,255.0,250.0,98.0,89.0,24.0,480.0,365.0,90.0,20.0,5.0,0.0,0.0,0.0,0,365.0,844.0,275.0,255.0,98.0,89.0,24.0
14000US41067032800,"Census Tract 328, Washington, OR",396.0,314.0,142.0,67.0,73.0,1.0,31.0,0.0,82.0,63.0,6.0,13.0,0.0,0.0,0.0,0.0,0,63.0,148.0,80.0,73.0,1.0,31.0,0.0
14000US41067032901,"Census Tract 329.01, Washington, OR",1935.0,1525.0,398.0,368.0,393.0,153.0,146.0,67.0,410.0,274.0,47.0,66.0,23.0,0.0,0.0,0.0,0,274.0,445.0,434.0,416.0,153.0,146.0,67.0
14000US41067032902,"Census Tract 329.02, Washington, OR",2276.0,1683.0,606.0,270.0,304.0,210.0,167.0,126.0,593.0,425.0,106.0,62.0,0.0,0.0,0.0,0.0,0,425.0,712.0,332.0,304.0,210.0,167.0,126.0
14000US41067033000,"Census Tract 330, Washington, OR",2036.0,1590.0,633.0,428.0,331.0,80.0,70.0,48.0,446.0,334.0,110.0,2.0,0.0,0.0,0.0,0.0,0,334.0,743.0,430.0,331.0,80.0,70.0,48.0
14000US41067033101,"Census Tract 331.01, Washington, OR",1168.0,759.0,390.0,176.0,54.0,73.0,37.0,29.0,409.0,344.0,65.0,0.0,0.0,0.0,0.0,0.0,0,344.0,455.0,176.0,54.0,73.0,37.0,29.0
14000US41067033102,"Census Tract 331.02, Washington, OR",1218.0,797.0,203.0,299.0,143.0,81.0,12.0,59.0,421.0,298.0,105.0,18.0,0.0,0.0,0.0,0.0,0,298.0,308.0,317.0,143.0,81.0,12.0,59.0
14000US41067033200,"Census Tract 332, Washington, OR",2406.0,1181.0,323.0,300.0,306.0,163.0,60.0,29.0,1225.0,950.0,155.0,0.0,120.0,0.0,0.0,0.0,0,950.0,478.0,300.0,426.0,163.0,60.0,29.0
14000US41067033301,"Census Tract 333.01, Washington, OR",2098.0,1657.0,627.0,381.0,393.0,194.0,32.0,30.0,441.0,328.0,113.0,0.0,0.0,0.0,0.0,0.0,0,328.0,740.0,381.0,393.0,194.0,32.0,30.0
14000US41067033302,"Census Tract 333.02, Washington, OR",1921.0,1495.0,613.0,265.0,377.0,106.0,88.0,46.0,426.0,359.0,31.0,0.0,26.0,10.0,0.0,0.0,0,359.0,644.0,265.0,403.0,116.0,88.0,46.0
14000US41067033400,"Census Tract 334, Washington, OR",773.0,677.0,334.0,164.0,118.0,40.0,11.0,10.0,96.0,86.0,10.0,0.0,0.0,0.0,0.0,0.0,0,86.0,344.0,164.0,118.0,40.0,11.0,10.0
14000US41067033500,"Census Tract 335, Washington, OR",1390.0,1134.0,332.0,269.0,300.0,144.0,68.0,21.0,256.0,177.0,63.0,16.0,0.0,0.0,0.0,0.0,0,177.0,395.0,285.0,300.0,144.0,68.0,21.0
14000US41067033600,"Census Tract 336, Washington, OR",844.0,690.0,402.0,90.0,94.0,57.0,19.0,28.0,154.0,130.0,17.0,7.0,0.0,0.0,0.0,0.0,0,130.0,419.0,97.0,94.0,57.0,19.0,28.0
14000US41071030101,"Census Tract 301.01, Yamhill, OR",2173.0,1625.0,686.0,339.0,402.0,94.0,45.0,59.0,548.0,500.0,48.0,0.0,0.0,0.0,0.0,0.0,0,500.0,734.0,339.0,402.0,94.0,45.0,59.0
14000US41071030102,"Census Tract 301.02, Yamhill, OR",2968.0,2187.0,886.0,730.0,342.0,153.0,41.0,35.0,781.0,730.0,43.0,8.0,0.0,0.0,0.0,0.0,0,730.0,929.0,738.0,342.0,153.0,41.0,35.0
14000US41071030201,"Census Tract 302.01, Yamhill, OR",2098.0,1270.0,478.0,257.0,382.0,115.0,38.0,0.0,828.0,713.0,53.0,40.0,13.0,9.0,0.0,0.0,0,713.0,531.0,297.0,395.0,124.0,38.0,0.0
14000US41071030202,"Census Tract 302.02, Yamhill, OR",2208.0,1324.0,602.0,227.0,238.0,237.0,20.0,0.0,884.0,580.0,236.0,58.0,10.0,0.0,0.0,0.0,0,580.0,838.0,285.0,248.0,237.0,20.0,0.0
14000US41071030301,"Census Tract 303.01, Yamhill, OR",3310.0,2794.0,1152.0,598.0,666.0,249.0,99.0,30.0,516.0,348.0,153.0,9.0,6.0,0.0,0.0,0.0,0,348.0,1305.0,607.0,672.0,249.0,99.0,30.0
14000US41071030302,"Census Tract 303.02, Yamhill, OR",760.0,652.0,397.0,95.0,100.0,34.0,14.0,12.0,108.0,84.0,19.0,5.0,0.0,0.0,0.0,0.0,0,84.0,416.0,100.0,100.0,34.0,14.0,12.0
14000US41071030400,"Census Tract 304, Yamhill, OR",2882.0,2220.0,1025.0,500.0,308.0,268.0,98.0,21.0,662.0,512.0,132.0,0.0,0.0,0.0,18.0,0.0,0,512.0,1157.0,500.0,308.0,268.0,116.0,21.0
14000US41071030501,"Census Tract 305.01, Yamhill, OR",1755.0,1141.0,498.0,217.0,162.0,170.0,70.0,24.0,614.0,482.0,126.0,6.0,0.0,0.0,0.0,0.0,0,482.0,624.0,223.0,162.0,170.0,70.0,24.0
14000US41071030502,"Census Tract 305.02, Yamhill, OR",1786.0,1244.0,518.0,340.0,232.0,92.0,12.0,50.0,542.0,390.0,132.0,0.0,20.0,0.0,0.0,0.0,0,390.0,650.0,340.0,252.0,92.0,12.0,50.0
14000US41071030601,"Census Tract 306.01, Yamhill, OR",1378.0,827.0,369.0,208.0,88.0,63.0,74.0,25.0,551.0,440.0,92.0,9.0,0.0,10.0,0.0,0.0,0,440.0,461.0,217.0,88.0,73.0,74.0,25.0
14000US41071030602,"Census Tract 306.02, Yamhill, OR",2346.0,1715.0,926.0,298.0,274.0,141.0,76.0,0.0,631.0,514.0,117.0,0.0,0.0,0.0,0.0,0.0,0,514.0,1043.0,298.0,274.0,141.0,76.0,0.0
14000US41071030701,"Census Tract 307.01, Yamhill, OR",3376.0,2179.0,1205.0,356.0,275.0,192.0,115.0,36.0,1197.0,928.0,228.0,41.0,0.0,0.0,0.0,0.0,0,928.0,1433.0,397.0,275.0,192.0,115.0,36.0
14000US41071030702,"Census Tract 307.02, Yamhill, OR",2864.0,1985.0,964.0,453.0,461.0,42.0,41.0,24.0,879.0,634.0,245.0,0.0,0.0,0.0,0.0,0.0,0,634.0,1209.0,453.0,461.0,42.0,41.0,24.0
14000US41071030801,"Census Tract 308.01, Yamhill, OR",2175.0,1130.0,477.0,197.0,147.0,197.0,72.0,40.0,1045.0,929.0,63.0,38.0,0.0,0.0,15.0,0.0,0,929.0,540.0,235.0,147.0,197.0,87.0,40.0
14000US41071030802,"Census Tract 308.02, Yamhill, OR",1286.0,740.0,247.0,123.0,119.0,57.0,127.0,67.0,546.0,432.0,63.0,24.0,0.0,8.0,19.0,0.0,0,432.0,310.0,147.0,119.0,65.0,146.0,67.0
14000US41071030900,"Census Tract 309, Yamhill, OR",1413.0,1080.0,380.0,172.0,208.0,150.0,108.0,62.0,333.0,241.0,67.0,25.0,0.0,0.0,0.0,0.0,0,241.0,447.0,197.0,208.0,150.0,108.0,62.0
14000US41071031000,"Census Tract 310, Yamhill, OR",1419.0,1039.0,435.0,242.0,153.0,136.0,22.0,51.0,380.0,313.0,34.0,24.0,0.0,9.0,0.0,0.0,0,313.0,469.0,266.0,153.0,145.0,22.0,51.0
